11:12:30 connect_tcp.started host='huggingface.co' port=443 local_address=None timeout=10 socket_options=None
11:12:30 connect_tcp.complete return_value=<httpcore._backends.sync.SyncStream object at 0x0000013F5BFC1A90>
11:12:30 start_tls.started ssl_context=<ssl.SSLContext object at 0x0000013F5BFA4560> server_hostname='huggingface.co' timeout=10
11:12:30 start_tls.complete return_value=<httpcore._backends.sync.SyncStream object at 0x0000013F5BF39A90>
11:12:30 send_request_headers.started request=<Request [b'HEAD']>
11:12:30 send_request_headers.complete
11:12:30 send_request_body.started request=<Request [b'HEAD']>
11:12:30 send_request_body.complete
11:12:30 receive_response_headers.started request=<Request [b'HEAD']>
11:12:31 receive_response_headers.complete return_value=(b'HTTP/1.1', 307, b'Temporary Redirect', [(b'Content-Type', b'text/plain; charset=utf-8'), (b'Content-Length', b'250'), (b'Connection', b'keep-alive'), (b'Date', b'Mon, 25 May 2026 05:49:14 GMT'), (b'Location', b'/api/resolve-cache/models/BAAI/bge-small-en-v1.5/5c38ec7c405ec4b44b94cc5a9bb96e735b38267a/modules.json?%2FBAAI%2Fbge-small-en-v1.5%2Fresolve%2Fmain%2Fmodules.json=&etag=%22952a9b81c0bfd99800fabf352f69c7ccd46c5e43%22'), (b'X-Powered-By', b'huggingface-moon'), (b'X-Request-Id', b'Root=1-6a13e2da-5cd1e32a2edd1a903da1960c;bd6ae3bd-2df0-4592-9138-7bcdf35eca0d'), (b'RateLimit', b'"resolvers";r=4998;t=152'), (b'RateLimit-Policy', b'"fixed window";"resolvers";q=5000;w=300'), (b'cross-origin-opener-policy', b'same-origin'), (b'Referrer-Policy', b'strict-origin-when-cross-origin'), (b'Access-Control-Max-Age', b'86400'), (b'Access-Control-Allow-Origin', b'https://huggingface.co'), (b'Vary', b'Origin, Accept'), (b'Access-Control-Expose-Headers', b'X-Repo-Commit,X-Request-Id,X-Error-Code,X-Error-Message,X-Total-Count,ETag,Link,Accept-Ranges,Content-Range,X-Linked-Size,X-Linked-ETag,X-Xet-Hash'), (b'X-Repo-Commit', b'5c38ec7c405ec4b44b94cc5a9bb96e735b38267a'), (b'Accept-Ranges', b'bytes'), (b'X-Hub-Cache', b'HIT'), (b'Content-Disposition', b'inline; filename*=UTF-8\'\'modules.json; filename="modules.json";'), (b'Content-Security-Policy', b"default-src 'none'; sandbox"), (b'X-Linked-ETag', b'"952a9b81c0bfd99800fabf352f69c7ccd46c5e43"'), (b'X-Cache', b'Miss from cloudfront'), (b'Via', b'1.1 d3f943c585dbc140703b80fb53f9b362.cloudfront.net (CloudFront)'), (b'X-Amz-Cf-Pop', b'HYD57-P7'), (b'X-Amz-Cf-Id', b'76Iq2QcKm0JDkGnEem4-qINHOR09lhvCxi7Qskvs3an3B44C1iFU4g==')])
11:12:31 receive_response_body.started request=<Request [b'HEAD']>
11:12:31 receive_response_body.complete
11:12:31 response_closed.started
11:12:31 response_closed.complete
11:12:31 send_request_headers.started request=<Request [b'HEAD']>
11:12:31 send_request_headers.complete
11:12:31 send_request_body.started request=<Request [b'HEAD']>
11:12:31 send_request_body.complete
11:12:31 receive_response_headers.started request=<Request [b'HEAD']>
11:12:31 receive_response_headers.complete return_value=(b'HTTP/1.1', 200, b'OK', [(b'Content-Type', b'text/plain; charset=utf-8'), (b'Content-Length', b'349'), (b'Connection', b'keep-alive'), (b'Date', b'Mon, 18 May 2026 02:15:50 GMT'), (b'ETag', b'"952a9b81c0bfd99800fabf352f69c7ccd46c5e43"'), (b'X-Powered-By', b'huggingface-moon'), (b'X-Request-Id', b'Root=1-6a0a7656-6fc1170e44c4dc9c400fce05;fa7b26e7-4bda-4984-b00d-140594d0385c'), (b'RateLimit', b'"resolvers";r=4998;t=56'), (b'RateLimit-Policy', b'"fixed window";"resolvers";q=5000;w=300'), (b'cross-origin-opener-policy', b'same-origin'), (b'Referrer-Policy', b'strict-origin-when-cross-origin'), (b'Access-Control-Max-Age', b'86400'), (b'Access-Control-Allow-Origin', b'https://huggingface.co'), (b'Access-Control-Expose-Headers', b'X-Repo-Commit,X-Request-Id,X-Error-Code,X-Error-Message,X-Total-Count,ETag,Link,Accept-Ranges,Content-Range,X-Linked-Size,X-Linked-ETag,X-Xet-Hash'), (b'X-Repo-Commit', b'5c38ec7c405ec4b44b94cc5a9bb96e735b38267a'), (b'Accept-Ranges', b'bytes'), (b'X-Hub-Cache', b'MISS'), (b'Content-Disposition', b'inline; filename*=UTF-8\'\'modules.json; filename="modules.json";'), (b'Content-Security-Policy', b"default-src 'none'; sandbox"), (b'Vary', b'Origin'), (b'X-Cache', b'Hit from cloudfront'), (b'Via', b'1.1 d3f943c585dbc140703b80fb53f9b362.cloudfront.net (CloudFront)'), (b'X-Amz-Cf-Pop', b'HYD57-P7'), (b'X-Amz-Cf-Id', b'r9W218cND2jMkKRGwkNBAp640GQRuWyr7yYGbprj9fx3ZbCIi5fM9g=='), (b'Age', b'617605')])
11:12:31 receive_response_body.started request=<Request [b'HEAD']>
11:12:31 receive_response_body.complete
11:12:31 response_closed.started
11:12:31 response_closed.complete
11:12:31 send_request_headers.started request=<Request [b'HEAD']>
11:12:31 send_request_headers.complete
11:12:31 send_request_body.started request=<Request [b'HEAD']>
11:12:31 send_request_body.complete
11:12:31 receive_response_headers.started request=<Request [b'HEAD']>
11:12:32 receive_response_headers.complete return_value=(b'HTTP/1.1', 307, b'Temporary Redirect', [(b'Content-Type', b'text/plain; charset=utf-8'), (b'Content-Length', b'292'), (b'Connection', b'keep-alive'), (b'Date', b'Mon, 25 May 2026 05:49:15 GMT'), (b'Location', b'/api/resolve-cache/models/BAAI/bge-small-en-v1.5/5c38ec7c405ec4b44b94cc5a9bb96e735b38267a/config_sentence_transformers.json?%2FBAAI%2Fbge-small-en-v1.5%2Fresolve%2Fmain%2Fconfig_sentence_transformers.json=&etag=%22dcb0c0d97d09b930d13600b1a773ddb27e441aab%22'), (b'X-Powered-By', b'huggingface-moon'), (b'X-Request-Id', b'Root=1-6a13e2db-30e1245c7ddd40aa58343ac8;56b7b655-1b29-4f95-8670-3194cc63832e'), (b'RateLimit', b'"resolvers";r=4995;t=151'), (b'RateLimit-Policy', b'"fixed window";"resolvers";q=5000;w=300'), (b'cross-origin-opener-policy', b'same-origin'), (b'Referrer-Policy', b'strict-origin-when-cross-origin'), (b'Access-Control-Max-Age', b'86400'), (b'Access-Control-Allow-Origin', b'https://huggingface.co'), (b'Vary', b'Origin, Accept'), (b'Access-Control-Expose-Headers', b'X-Repo-Commit,X-Request-Id,X-Error-Code,X-Error-Message,X-Total-Count,ETag,Link,Accept-Ranges,Content-Range,X-Linked-Size,X-Linked-ETag,X-Xet-Hash'), (b'X-Repo-Commit', b'5c38ec7c405ec4b44b94cc5a9bb96e735b38267a'), (b'Accept-Ranges', b'bytes'), (b'X-Hub-Cache', b'HIT'), (b'Content-Disposition', b'inline; filename*=UTF-8\'\'config_sentence_transformers.json; filename="config_sentence_transformers.json";'), (b'Content-Security-Policy', b"default-src 'none'; sandbox"), (b'X-Linked-ETag', b'"dcb0c0d97d09b930d13600b1a773ddb27e441aab"'), (b'X-Cache', b'Miss from cloudfront'), (b'Via', b'1.1 d3f943c585dbc140703b80fb53f9b362.cloudfront.net (CloudFront)'), (b'X-Amz-Cf-Pop', b'HYD57-P7'), (b'X-Amz-Cf-Id', b'IW4EkkyVUxfBpy_GyvYjfKSYMUllv7Bg1zTLF6MVxypnU3qTnccSJA==')])
11:12:32 receive_response_body.started request=<Request [b'HEAD']>
11:12:32 receive_response_body.complete
11:12:32 response_closed.started
11:12:32 response_closed.complete
11:12:32 send_request_headers.started request=<Request [b'HEAD']>
11:12:32 send_request_headers.complete
11:12:32 send_request_body.started request=<Request [b'HEAD']>
11:12:32 send_request_body.complete
11:12:32 receive_response_headers.started request=<Request [b'HEAD']>
11:12:32 receive_response_headers.complete return_value=(b'HTTP/1.1', 200, b'OK', [(b'Content-Type', b'text/plain; charset=utf-8'), (b'Content-Length', b'124'), (b'Connection', b'keep-alive'), (b'Date', b'Mon, 18 May 2026 02:15:51 GMT'), (b'ETag', b'"dcb0c0d97d09b930d13600b1a773ddb27e441aab"'), (b'X-Powered-By', b'huggingface-moon'), (b'X-Request-Id', b'Root=1-6a0a7657-196beb9047a2074948bb23b4;591448dd-9627-4203-827e-27d37eeb8ead'), (b'RateLimit', b'"resolvers";r=4996;t=55'), (b'RateLimit-Policy', b'"fixed window";"resolvers";q=5000;w=300'), (b'cross-origin-opener-policy', b'same-origin'), (b'Referrer-Policy', b'strict-origin-when-cross-origin'), (b'Access-Control-Max-Age', b'86400'), (b'Access-Control-Allow-Origin', b'https://huggingface.co'), (b'Access-Control-Expose-Headers', b'X-Repo-Commit,X-Request-Id,X-Error-Code,X-Error-Message,X-Total-Count,ETag,Link,Accept-Ranges,Content-Range,X-Linked-Size,X-Linked-ETag,X-Xet-Hash'), (b'X-Repo-Commit', b'5c38ec7c405ec4b44b94cc5a9bb96e735b38267a'), (b'Accept-Ranges', b'bytes'), (b'X-Hub-Cache', b'MISS'), (b'Content-Disposition', b'inline; filename*=UTF-8\'\'config_sentence_transformers.json; filename="config_sentence_transformers.json";'), (b'Content-Security-Policy', b"default-src 'none'; sandbox"), (b'Vary', b'Origin'), (b'X-Cache', b'Hit from cloudfront'), (b'Via', b'1.1 d3f943c585dbc140703b80fb53f9b362.cloudfront.net (CloudFront)'), (b'X-Amz-Cf-Pop', b'HYD57-P7'), (b'X-Amz-Cf-Id', b'cPk-XXKnkkOh2Q-zH6Yf_o9F-yyVJ6kp65bjJDjxFSsQhCrkBHMZsQ=='), (b'Age', b'617604')])
11:12:32 receive_response_body.started request=<Request [b'HEAD']>
11:12:32 receive_response_body.complete
11:12:32 response_closed.started
11:12:32 response_closed.complete
11:12:32 send_request_headers.started request=<Request [b'HEAD']>
11:12:32 send_request_headers.complete
11:12:32 send_request_body.started request=<Request [b'HEAD']>
11:12:32 send_request_body.complete
11:12:32 receive_response_headers.started request=<Request [b'HEAD']>
11:12:32 receive_response_headers.complete return_value=(b'HTTP/1.1', 307, b'Temporary Redirect', [(b'Content-Type', b'text/plain; charset=utf-8'), (b'Content-Length', b'292'), (b'Connection', b'keep-alive'), (b'Date', b'Mon, 25 May 2026 05:49:16 GMT'), (b'Location', b'/api/resolve-cache/models/BAAI/bge-small-en-v1.5/5c38ec7c405ec4b44b94cc5a9bb96e735b38267a/config_sentence_transformers.json?%2FBAAI%2Fbge-small-en-v1.5%2Fresolve%2Fmain%2Fconfig_sentence_transformers.json=&etag=%22dcb0c0d97d09b930d13600b1a773ddb27e441aab%22'), (b'X-Powered-By', b'huggingface-moon'), (b'X-Request-Id', b'Root=1-6a13e2dc-392e03df36440a516e3dc95f;e4d67dbe-745c-4d62-a370-aae1a52936a5'), (b'RateLimit', b'"resolvers";r=4993;t=150'), (b'RateLimit-Policy', b'"fixed window";"resolvers";q=5000;w=300'), (b'cross-origin-opener-policy', b'same-origin'), (b'Referrer-Policy', b'strict-origin-when-cross-origin'), (b'Access-Control-Max-Age', b'86400'), (b'Access-Control-Allow-Origin', b'https://huggingface.co'), (b'Vary', b'Origin, Accept'), (b'Access-Control-Expose-Headers', b'X-Repo-Commit,X-Request-Id,X-Error-Code,X-Error-Message,X-Total-Count,ETag,Link,Accept-Ranges,Content-Range,X-Linked-Size,X-Linked-ETag,X-Xet-Hash'), (b'X-Repo-Commit', b'5c38ec7c405ec4b44b94cc5a9bb96e735b38267a'), (b'Accept-Ranges', b'bytes'), (b'X-Hub-Cache', b'HIT'), (b'Content-Disposition', b'inline; filename*=UTF-8\'\'config_sentence_transformers.json; filename="config_sentence_transformers.json";'), (b'Content-Security-Policy', b"default-src 'none'; sandbox"), (b'X-Linked-ETag', b'"dcb0c0d97d09b930d13600b1a773ddb27e441aab"'), (b'X-Cache', b'Miss from cloudfront'), (b'Via', b'1.1 d3f943c585dbc140703b80fb53f9b362.cloudfront.net (CloudFront)'), (b'X-Amz-Cf-Pop', b'HYD57-P7'), (b'X-Amz-Cf-Id', b'MpuIOazjAZUpitCNPZ8DMjcqPUmWb8a2Fpb8dlkQCSCCR1vFfvztcw==')])
11:12:32 receive_response_body.started request=<Request [b'HEAD']>
11:12:32 receive_response_body.complete
11:12:32 response_closed.started
11:12:32 response_closed.complete
11:12:32 send_request_headers.started request=<Request [b'HEAD']>
11:12:32 send_request_headers.complete
11:12:32 send_request_body.started request=<Request [b'HEAD']>
11:12:32 send_request_body.complete
11:12:32 receive_response_headers.started request=<Request [b'HEAD']>
11:12:32 receive_response_headers.complete return_value=(b'HTTP/1.1', 200, b'OK', [(b'Content-Type', b'text/plain; charset=utf-8'), (b'Content-Length', b'124'), (b'Connection', b'keep-alive'), (b'Date', b'Mon, 18 May 2026 02:15:51 GMT'), (b'ETag', b'"dcb0c0d97d09b930d13600b1a773ddb27e441aab"'), (b'X-Powered-By', b'huggingface-moon'), (b'X-Request-Id', b'Root=1-6a0a7657-196beb9047a2074948bb23b4;591448dd-9627-4203-827e-27d37eeb8ead'), (b'RateLimit', b'"resolvers";r=4996;t=55'), (b'RateLimit-Policy', b'"fixed window";"resolvers";q=5000;w=300'), (b'cross-origin-opener-policy', b'same-origin'), (b'Referrer-Policy', b'strict-origin-when-cross-origin'), (b'Access-Control-Max-Age', b'86400'), (b'Access-Control-Allow-Origin', b'https://huggingface.co'), (b'Access-Control-Expose-Headers', b'X-Repo-Commit,X-Request-Id,X-Error-Code,X-Error-Message,X-Total-Count,ETag,Link,Accept-Ranges,Content-Range,X-Linked-Size,X-Linked-ETag,X-Xet-Hash'), (b'X-Repo-Commit', b'5c38ec7c405ec4b44b94cc5a9bb96e735b38267a'), (b'Accept-Ranges', b'bytes'), (b'X-Hub-Cache', b'MISS'), (b'Content-Disposition', b'inline; filename*=UTF-8\'\'config_sentence_transformers.json; filename="config_sentence_transformers.json";'), (b'Content-Security-Policy', b"default-src 'none'; sandbox"), (b'Vary', b'Origin'), (b'X-Cache', b'Hit from cloudfront'), (b'Via', b'1.1 d3f943c585dbc140703b80fb53f9b362.cloudfront.net (CloudFront)'), (b'X-Amz-Cf-Pop', b'HYD57-P7'), (b'X-Amz-Cf-Id', b'qlmAf5_3aizCfd6DYlxUpOcUtIT1mg2zlrLmmeaSzPxzYCh8uYd-8g=='), (b'Age', b'617605')])
11:12:32 receive_response_body.started request=<Request [b'HEAD']>
11:12:32 receive_response_body.complete
11:12:32 response_closed.started
11:12:32 response_closed.complete
11:12:32 send_request_headers.started request=<Request [b'HEAD']>
11:12:32 send_request_headers.complete
11:12:32 send_request_body.started request=<Request [b'HEAD']>
11:12:32 send_request_body.complete
11:12:32 receive_response_headers.started request=<Request [b'HEAD']>
11:12:32 receive_response_headers.complete return_value=(b'HTTP/1.1', 307, b'Temporary Redirect', [(b'Content-Type', b'text/plain; charset=utf-8'), (b'Content-Length', b'244'), (b'Connection', b'keep-alive'), (b'Date', b'Mon, 25 May 2026 05:49:16 GMT'), (b'Location', b'/api/resolve-cache/models/BAAI/bge-small-en-v1.5/5c38ec7c405ec4b44b94cc5a9bb96e735b38267a/README.md?%2FBAAI%2Fbge-small-en-v1.5%2Fresolve%2Fmain%2FREADME.md=&etag=%228b8567d75ffa619486d9590cb0eb76d66ad46c49%22'), (b'X-Powered-By', b'huggingface-moon'), (b'X-Request-Id', b'Root=1-6a13e2dc-0edba4ba1062c63c0f0edbbe;a8ffe467-88e4-4adb-ac67-17c70f23f3e3'), (b'RateLimit', b'"resolvers";r=4991;t=150'), (b'RateLimit-Policy', b'"fixed window";"resolvers";q=5000;w=300'), (b'cross-origin-opener-policy', b'same-origin'), (b'Referrer-Policy', b'strict-origin-when-cross-origin'), (b'Access-Control-Max-Age', b'86400'), (b'Access-Control-Allow-Origin', b'https://huggingface.co'), (b'Vary', b'Origin, Accept'), (b'Access-Control-Expose-Headers', b'X-Repo-Commit,X-Request-Id,X-Error-Code,X-Error-Message,X-Total-Count,ETag,Link,Accept-Ranges,Content-Range,X-Linked-Size,X-Linked-ETag,X-Xet-Hash'), (b'X-Repo-Commit', b'5c38ec7c405ec4b44b94cc5a9bb96e735b38267a'), (b'Accept-Ranges', b'bytes'), (b'X-Hub-Cache', b'HIT'), (b'Content-Disposition', b'inline; filename*=UTF-8\'\'README.md; filename="README.md";'), (b'Content-Security-Policy', b"default-src 'none'; sandbox"), (b'X-Linked-ETag', b'"8b8567d75ffa619486d9590cb0eb76d66ad46c49"'), (b'X-Cache', b'Miss from cloudfront'), (b'Via', b'1.1 d3f943c585dbc140703b80fb53f9b362.cloudfront.net (CloudFront)'), (b'X-Amz-Cf-Pop', b'HYD57-P7'), (b'X-Amz-Cf-Id', b'254OUVyOBnU7z24ziCGi_iBtL1GRgeBG--gkyue_p_Que70TsXgKnQ==')])
11:12:32 receive_response_body.started request=<Request [b'HEAD']>
11:12:32 receive_response_body.complete
11:12:32 response_closed.started
11:12:32 response_closed.complete
11:12:32 send_request_headers.started request=<Request [b'HEAD']>
11:12:32 send_request_headers.complete
11:12:32 send_request_body.started request=<Request [b'HEAD']>
11:12:32 send_request_body.complete
11:12:32 receive_response_headers.started request=<Request [b'HEAD']>
11:12:32 receive_response_headers.complete return_value=(b'HTTP/1.1', 200, b'OK', [(b'Content-Type', b'text/plain; charset=utf-8'), (b'Content-Length', b'94783'), (b'Connection', b'keep-alive'), (b'Date', b'Mon, 18 May 2026 02:15:52 GMT'), (b'ETag', b'"8b8567d75ffa619486d9590cb0eb76d66ad46c49"'), (b'X-Powered-By', b'huggingface-moon'), (b'X-Request-Id', b'Root=1-6a0a7658-6f819634699e4bc3513c4d0c;eed92f06-965d-41af-9f9a-191b20b4f682'), (b'RateLimit', b'"resolvers";r=4993;t=54'), (b'RateLimit-Policy', b'"fixed window";"resolvers";q=5000;w=300'), (b'cross-origin-opener-policy', b'same-origin'), (b'Referrer-Policy', b'strict-origin-when-cross-origin'), (b'Access-Control-Max-Age', b'86400'), (b'Access-Control-Allow-Origin', b'https://huggingface.co'), (b'Access-Control-Expose-Headers', b'X-Repo-Commit,X-Request-Id,X-Error-Code,X-Error-Message,X-Total-Count,ETag,Link,Accept-Ranges,Content-Range,X-Linked-Size,X-Linked-ETag,X-Xet-Hash'), (b'X-Repo-Commit', b'5c38ec7c405ec4b44b94cc5a9bb96e735b38267a'), (b'Accept-Ranges', b'bytes'), (b'X-Hub-Cache', b'MISS'), (b'Content-Disposition', b'inline; filename*=UTF-8\'\'README.md; filename="README.md";'), (b'Content-Security-Policy', b"default-src 'none'; sandbox"), (b'Vary', b'Origin'), (b'X-Cache', b'Hit from cloudfront'), (b'Via', b'1.1 d3f943c585dbc140703b80fb53f9b362.cloudfront.net (CloudFront)'), (b'X-Amz-Cf-Pop', b'HYD57-P7'), (b'X-Amz-Cf-Id', b'WOUSA8RFotP6kIRXvOKQriONmcKhxi1qbAhqoe680GqIacGA3BKPTg=='), (b'Age', b'617604')])
11:12:32 receive_response_body.started request=<Request [b'HEAD']>
11:12:32 receive_response_body.complete
11:12:32 response_closed.started
11:12:32 response_closed.complete
11:12:32 send_request_headers.started request=<Request [b'HEAD']>
11:12:32 send_request_headers.complete
11:12:32 send_request_body.started request=<Request [b'HEAD']>
11:12:32 send_request_body.complete
11:12:32 receive_response_headers.started request=<Request [b'HEAD']>
11:12:32 receive_response_headers.complete return_value=(b'HTTP/1.1', 307, b'Temporary Redirect', [(b'Content-Type', b'text/plain; charset=utf-8'), (b'Content-Length', b'250'), (b'Connection', b'keep-alive'), (b'Date', b'Mon, 25 May 2026 05:49:16 GMT'), (b'Location', b'/api/resolve-cache/models/BAAI/bge-small-en-v1.5/5c38ec7c405ec4b44b94cc5a9bb96e735b38267a/modules.json?%2FBAAI%2Fbge-small-en-v1.5%2Fresolve%2Fmain%2Fmodules.json=&etag=%22952a9b81c0bfd99800fabf352f69c7ccd46c5e43%22'), (b'X-Powered-By', b'huggingface-moon'), (b'X-Request-Id', b'Root=1-6a13e2dc-4ba4282344025b9126e995b3;cdd5a1c3-2831-43a3-88d2-20eddccbb7e1'), (b'RateLimit', b'"resolvers";r=4989;t=150'), (b'RateLimit-Policy', b'"fixed window";"resolvers";q=5000;w=300'), (b'cross-origin-opener-policy', b'same-origin'), (b'Referrer-Policy', b'strict-origin-when-cross-origin'), (b'Access-Control-Max-Age', b'86400'), (b'Access-Control-Allow-Origin', b'https://huggingface.co'), (b'Vary', b'Origin, Accept'), (b'Access-Control-Expose-Headers', b'X-Repo-Commit,X-Request-Id,X-Error-Code,X-Error-Message,X-Total-Count,ETag,Link,Accept-Ranges,Content-Range,X-Linked-Size,X-Linked-ETag,X-Xet-Hash'), (b'X-Repo-Commit', b'5c38ec7c405ec4b44b94cc5a9bb96e735b38267a'), (b'Accept-Ranges', b'bytes'), (b'X-Hub-Cache', b'HIT'), (b'Content-Disposition', b'inline; filename*=UTF-8\'\'modules.json; filename="modules.json";'), (b'Content-Security-Policy', b"default-src 'none'; sandbox"), (b'X-Linked-ETag', b'"952a9b81c0bfd99800fabf352f69c7ccd46c5e43"'), (b'X-Cache', b'Miss from cloudfront'), (b'Via', b'1.1 d3f943c585dbc140703b80fb53f9b362.cloudfront.net (CloudFront)'), (b'X-Amz-Cf-Pop', b'HYD57-P7'), (b'X-Amz-Cf-Id', b'nFaDas8z3k3A5RkxdG-n8P6UMT7WqYrwKFMJq05_cJrlLcbZpMkEyQ==')])
11:12:32 receive_response_body.started request=<Request [b'HEAD']>
11:12:32 receive_response_body.complete
11:12:32 response_closed.started
11:12:32 response_closed.complete
11:12:32 send_request_headers.started request=<Request [b'HEAD']>
11:12:32 send_request_headers.complete
11:12:32 send_request_body.started request=<Request [b'HEAD']>
11:12:32 send_request_body.complete
11:12:32 receive_response_headers.started request=<Request [b'HEAD']>
11:12:32 receive_response_headers.complete return_value=(b'HTTP/1.1', 200, b'OK', [(b'Content-Type', b'text/plain; charset=utf-8'), (b'Content-Length', b'349'), (b'Connection', b'keep-alive'), (b'Date', b'Mon, 18 May 2026 02:15:50 GMT'), (b'ETag', b'"952a9b81c0bfd99800fabf352f69c7ccd46c5e43"'), (b'X-Powered-By', b'huggingface-moon'), (b'X-Request-Id', b'Root=1-6a0a7656-6fc1170e44c4dc9c400fce05;fa7b26e7-4bda-4984-b00d-140594d0385c'), (b'RateLimit', b'"resolvers";r=4998;t=56'), (b'RateLimit-Policy', b'"fixed window";"resolvers";q=5000;w=300'), (b'cross-origin-opener-policy', b'same-origin'), (b'Referrer-Policy', b'strict-origin-when-cross-origin'), (b'Access-Control-Max-Age', b'86400'), (b'Access-Control-Allow-Origin', b'https://huggingface.co'), (b'Access-Control-Expose-Headers', b'X-Repo-Commit,X-Request-Id,X-Error-Code,X-Error-Message,X-Total-Count,ETag,Link,Accept-Ranges,Content-Range,X-Linked-Size,X-Linked-ETag,X-Xet-Hash'), (b'X-Repo-Commit', b'5c38ec7c405ec4b44b94cc5a9bb96e735b38267a'), (b'Accept-Ranges', b'bytes'), (b'X-Hub-Cache', b'MISS'), (b'Content-Disposition', b'inline; filename*=UTF-8\'\'modules.json; filename="modules.json";'), (b'Content-Security-Policy', b"default-src 'none'; sandbox"), (b'Vary', b'Origin'), (b'X-Cache', b'Hit from cloudfront'), (b'Via', b'1.1 d3f943c585dbc140703b80fb53f9b362.cloudfront.net (CloudFront)'), (b'X-Amz-Cf-Pop', b'HYD57-P7'), (b'X-Amz-Cf-Id', b'2EYkALYQGf5Wp9lAOgQW_Mkad8jq6U0iegUst2Zv2fnFBdIoafuz_w=='), (b'Age', b'617606')])
11:12:32 receive_response_body.started request=<Request [b'HEAD']>
11:12:32 receive_response_body.complete
11:12:32 response_closed.started
11:12:32 response_closed.complete
11:12:32 send_request_headers.started request=<Request [b'HEAD']>
11:12:32 send_request_headers.complete
11:12:32 send_request_body.started request=<Request [b'HEAD']>
11:12:32 send_request_body.complete
11:12:32 receive_response_headers.started request=<Request [b'HEAD']>
11:12:33 receive_response_headers.complete return_value=(b'HTTP/1.1', 307, b'Temporary Redirect', [(b'Content-Type', b'text/plain; charset=utf-8'), (b'Content-Length', b'276'), (b'Connection', b'keep-alive'), (b'Date', b'Mon, 25 May 2026 05:49:17 GMT'), (b'Location', b'/api/resolve-cache/models/BAAI/bge-small-en-v1.5/5c38ec7c405ec4b44b94cc5a9bb96e735b38267a/sentence_bert_config.json?%2FBAAI%2Fbge-small-en-v1.5%2Fresolve%2Fmain%2Fsentence_bert_config.json=&etag=%22ea85692bff64b0d1917833c31ddbca8ab10f5455%22'), (b'X-Powered-By', b'huggingface-moon'), (b'X-Request-Id', b'Root=1-6a13e2dd-569fcd8064c5a78c0b3a2e54;38da02a8-7425-4c17-a767-33fba937aeb0'), (b'RateLimit', b'"resolvers";r=4986;t=149'), (b'RateLimit-Policy', b'"fixed window";"resolvers";q=5000;w=300'), (b'cross-origin-opener-policy', b'same-origin'), (b'Referrer-Policy', b'strict-origin-when-cross-origin'), (b'Access-Control-Max-Age', b'86400'), (b'Access-Control-Allow-Origin', b'https://huggingface.co'), (b'Vary', b'Origin, Accept'), (b'Access-Control-Expose-Headers', b'X-Repo-Commit,X-Request-Id,X-Error-Code,X-Error-Message,X-Total-Count,ETag,Link,Accept-Ranges,Content-Range,X-Linked-Size,X-Linked-ETag,X-Xet-Hash'), (b'X-Repo-Commit', b'5c38ec7c405ec4b44b94cc5a9bb96e735b38267a'), (b'Accept-Ranges', b'bytes'), (b'X-Hub-Cache', b'HIT'), (b'Content-Disposition', b'inline; filename*=UTF-8\'\'sentence_bert_config.json; filename="sentence_bert_config.json";'), (b'Content-Security-Policy', b"default-src 'none'; sandbox"), (b'X-Linked-ETag', b'"ea85692bff64b0d1917833c31ddbca8ab10f5455"'), (b'X-Cache', b'Miss from cloudfront'), (b'Via', b'1.1 d3f943c585dbc140703b80fb53f9b362.cloudfront.net (CloudFront)'), (b'X-Amz-Cf-Pop', b'HYD57-P7'), (b'X-Amz-Cf-Id', b'r3JfHl_BpUQv8eToBY9kePiVzMdILLLzgcie7XCPuasMr4Fpw0TFIA==')])
11:12:33 receive_response_body.started request=<Request [b'HEAD']>
11:12:33 receive_response_body.complete
11:12:33 response_closed.started
11:12:33 response_closed.complete
11:12:33 send_request_headers.started request=<Request [b'HEAD']>
11:12:33 send_request_headers.complete
11:12:33 send_request_body.started request=<Request [b'HEAD']>
11:12:33 send_request_body.complete
11:12:33 receive_response_headers.started request=<Request [b'HEAD']>
11:12:33 receive_response_headers.complete return_value=(b'HTTP/1.1', 200, b'OK', [(b'Content-Type', b'text/plain; charset=utf-8'), (b'Content-Length', b'52'), (b'Connection', b'keep-alive'), (b'Date', b'Mon, 18 May 2026 02:15:53 GMT'), (b'ETag', b'"ea85692bff64b0d1917833c31ddbca8ab10f5455"'), (b'X-Powered-By', b'huggingface-moon'), (b'X-Request-Id', b'Root=1-6a0a7659-522f2feb2bb682b81ce5cd00;ca8de1e1-49d4-4d61-9715-7ef404de9672'), (b'RateLimit', b'"resolvers";r=4990;t=53'), (b'RateLimit-Policy', b'"fixed window";"resolvers";q=5000;w=300'), (b'cross-origin-opener-policy', b'same-origin'), (b'Referrer-Policy', b'strict-origin-when-cross-origin'), (b'Access-Control-Max-Age', b'86400'), (b'Access-Control-Allow-Origin', b'https://huggingface.co'), (b'Access-Control-Expose-Headers', b'X-Repo-Commit,X-Request-Id,X-Error-Code,X-Error-Message,X-Total-Count,ETag,Link,Accept-Ranges,Content-Range,X-Linked-Size,X-Linked-ETag,X-Xet-Hash'), (b'X-Repo-Commit', b'5c38ec7c405ec4b44b94cc5a9bb96e735b38267a'), (b'Accept-Ranges', b'bytes'), (b'X-Hub-Cache', b'MISS'), (b'Content-Disposition', b'inline; filename*=UTF-8\'\'sentence_bert_config.json; filename="sentence_bert_config.json";'), (b'Content-Security-Policy', b"default-src 'none'; sandbox"), (b'Vary', b'Origin'), (b'X-Cache', b'Hit from cloudfront'), (b'Via', b'1.1 d3f943c585dbc140703b80fb53f9b362.cloudfront.net (CloudFront)'), (b'X-Amz-Cf-Pop', b'HYD57-P7'), (b'X-Amz-Cf-Id', b'uSJQqG3j3otxlwjtC5EZaRIlCUlA38RM_oyDaOXBMgRiIZMFnD0vfg=='), (b'Age', b'617604')])
11:12:33 receive_response_body.started request=<Request [b'HEAD']>
11:12:33 receive_response_body.complete
11:12:33 response_closed.started
11:12:33 response_closed.complete
11:12:33 send_request_headers.started request=<Request [b'HEAD']>
11:12:33 send_request_headers.complete
11:12:33 send_request_body.started request=<Request [b'HEAD']>
11:12:33 send_request_body.complete
11:12:33 receive_response_headers.started request=<Request [b'HEAD']>
11:12:33 receive_response_headers.complete return_value=(b'HTTP/1.1', 404, b'Not Found', [(b'Content-Type', b'text/plain; charset=utf-8'), (b'Content-Length', b'15'), (b'Connection', b'keep-alive'), (b'Date', b'Mon, 25 May 2026 05:49:17 GMT'), (b'ETag', b'W/"f-mY2VvLxuxB7KhsoOdQTlMTccuAQ"'), (b'X-Powered-By', b'huggingface-moon'), (b'X-Request-Id', b'Root=1-6a13e2dd-0a70088813b7f2a5205014a3;6eedc8bc-7952-4510-ba1f-3ef2a418fe53'), (b'RateLimit', b'"resolvers";r=4985;t=149'), (b'RateLimit-Policy', b'"fixed window";"resolvers";q=5000;w=300'), (b'cross-origin-opener-policy', b'same-origin'), (b'Referrer-Policy', b'strict-origin-when-cross-origin'), (b'Access-Control-Max-Age', b'86400'), (b'Access-Control-Allow-Origin', b'https://huggingface.co'), (b'Vary', b'Origin'), (b'Access-Control-Expose-Headers', b'X-Repo-Commit,X-Request-Id,X-Error-Code,X-Error-Message,X-Total-Count,ETag,Link,Accept-Ranges,Content-Range,X-Linked-Size,X-Linked-ETag,X-Xet-Hash'), (b'X-Repo-Commit', b'5c38ec7c405ec4b44b94cc5a9bb96e735b38267a'), (b'Accept-Ranges', b'bytes'), (b'X-Hub-Cache', b'MISS'), (b'X-Error-Code', b'EntryNotFound'), (b'X-Error-Message', b'Entry not found'), (b'X-Cache', b'Error from cloudfront'), (b'Via', b'1.1 d3f943c585dbc140703b80fb53f9b362.cloudfront.net (CloudFront)'), (b'X-Amz-Cf-Pop', b'HYD57-P7'), (b'X-Amz-Cf-Id', b'MtWusNwIsnlShAC0t3XvqDEJS_iMjpy2G_KnyUTLrDq5DqnPOFzmSg==')])
11:12:33 receive_response_body.started request=<Request [b'HEAD']>
11:12:33 receive_response_body.complete
11:12:33 response_closed.started
11:12:33 response_closed.complete
11:12:33 send_request_headers.started request=<Request [b'HEAD']>
11:12:33 send_request_headers.complete
11:12:33 send_request_body.started request=<Request [b'HEAD']>
11:12:33 send_request_body.complete
11:12:33 receive_response_headers.started request=<Request [b'HEAD']>
11:12:34 receive_response_headers.complete return_value=(b'HTTP/1.1', 307, b'Temporary Redirect', [(b'Content-Type', b'text/plain; charset=utf-8'), (b'Content-Length', b'248'), (b'Connection', b'keep-alive'), (b'Date', b'Mon, 25 May 2026 05:49:17 GMT'), (b'Location', b'/api/resolve-cache/models/BAAI/bge-small-en-v1.5/5c38ec7c405ec4b44b94cc5a9bb96e735b38267a/config.json?%2FBAAI%2Fbge-small-en-v1.5%2Fresolve%2Fmain%2Fconfig.json=&etag=%223992bf890728a92476c700e6e657fd696eb94160%22'), (b'X-Powered-By', b'huggingface-moon'), (b'X-Request-Id', b'Root=1-6a13e2dd-7ea934b42fd0894b2c921019;df50682d-f01a-44f0-b034-8d971f1c8ed9'), (b'RateLimit', b'"resolvers";r=4983;t=149'), (b'RateLimit-Policy', b'"fixed window";"resolvers";q=5000;w=300'), (b'cross-origin-opener-policy', b'same-origin'), (b'Referrer-Policy', b'strict-origin-when-cross-origin'), (b'Access-Control-Max-Age', b'86400'), (b'Access-Control-Allow-Origin', b'https://huggingface.co'), (b'Vary', b'Origin, Accept'), (b'Access-Control-Expose-Headers', b'X-Repo-Commit,X-Request-Id,X-Error-Code,X-Error-Message,X-Total-Count,ETag,Link,Accept-Ranges,Content-Range,X-Linked-Size,X-Linked-ETag,X-Xet-Hash'), (b'X-Repo-Commit', b'5c38ec7c405ec4b44b94cc5a9bb96e735b38267a'), (b'Accept-Ranges', b'bytes'), (b'X-Hub-Cache', b'HIT'), (b'Content-Disposition', b'inline; filename*=UTF-8\'\'config.json; filename="config.json";'), (b'Content-Security-Policy', b"default-src 'none'; sandbox"), (b'X-Linked-ETag', b'"3992bf890728a92476c700e6e657fd696eb94160"'), (b'X-Cache', b'Miss from cloudfront'), (b'Via', b'1.1 d3f943c585dbc140703b80fb53f9b362.cloudfront.net (CloudFront)'), (b'X-Amz-Cf-Pop', b'HYD57-P7'), (b'X-Amz-Cf-Id', b'hdhk90llVZ5J8SVZ91HlkZjr5vHJVbGNQmiFSKilQ-6PZkhZ9nRrwQ==')])
11:12:34 receive_response_body.started request=<Request [b'HEAD']>
11:12:34 receive_response_body.complete
11:12:34 response_closed.started
11:12:34 response_closed.complete
11:12:34 send_request_headers.started request=<Request [b'HEAD']>
11:12:34 send_request_headers.complete
11:12:34 send_request_body.started request=<Request [b'HEAD']>
11:12:34 send_request_body.complete
11:12:34 receive_response_headers.started request=<Request [b'HEAD']>
11:12:34 receive_response_headers.complete return_value=(b'HTTP/1.1', 200, b'OK', [(b'Content-Type', b'text/plain; charset=utf-8'), (b'Content-Length', b'743'), (b'Connection', b'keep-alive'), (b'Date', b'Mon, 18 May 2026 02:15:54 GMT'), (b'ETag', b'"3992bf890728a92476c700e6e657fd696eb94160"'), (b'X-Powered-By', b'huggingface-moon'), (b'X-Request-Id', b'Root=1-6a0a765a-159c00295e84bfd775d7dd68;415487f4-7e61-42d3-a82d-7039d38f6731'), (b'RateLimit', b'"resolvers";r=4987;t=52'), (b'RateLimit-Policy', b'"fixed window";"resolvers";q=5000;w=300'), (b'cross-origin-opener-policy', b'same-origin'), (b'Referrer-Policy', b'strict-origin-when-cross-origin'), (b'Access-Control-Max-Age', b'86400'), (b'Access-Control-Allow-Origin', b'https://huggingface.co'), (b'Access-Control-Expose-Headers', b'X-Repo-Commit,X-Request-Id,X-Error-Code,X-Error-Message,X-Total-Count,ETag,Link,Accept-Ranges,Content-Range,X-Linked-Size,X-Linked-ETag,X-Xet-Hash'), (b'X-Repo-Commit', b'5c38ec7c405ec4b44b94cc5a9bb96e735b38267a'), (b'Accept-Ranges', b'bytes'), (b'X-Hub-Cache', b'MISS'), (b'Content-Disposition', b'inline; filename*=UTF-8\'\'config.json; filename="config.json";'), (b'Content-Security-Policy', b"default-src 'none'; sandbox"), (b'Vary', b'Origin'), (b'X-Cache', b'Hit from cloudfront'), (b'Via', b'1.1 d3f943c585dbc140703b80fb53f9b362.cloudfront.net (CloudFront)'), (b'X-Amz-Cf-Pop', b'HYD57-P7'), (b'X-Amz-Cf-Id', b'u9sXqXWagWJZRxG9jaO4I8usRmYEFZHYboUa9ALfpddW7QcWJJxrzA=='), (b'Age', b'617604')])
11:12:34 receive_response_body.started request=<Request [b'HEAD']>
11:12:34 receive_response_body.complete
11:12:34 response_closed.started
11:12:34 response_closed.complete
11:12:34 send_request_headers.started request=<Request [b'HEAD']>
11:12:34 send_request_headers.complete
11:12:34 send_request_body.started request=<Request [b'HEAD']>
11:12:34 send_request_body.complete
11:12:34 receive_response_headers.started request=<Request [b'HEAD']>
11:12:34 receive_response_headers.complete return_value=(b'HTTP/1.1', 307, b'Temporary Redirect', [(b'Content-Type', b'text/plain; charset=utf-8'), (b'Content-Length', b'248'), (b'Connection', b'keep-alive'), (b'Date', b'Mon, 25 May 2026 05:49:18 GMT'), (b'Location', b'/api/resolve-cache/models/BAAI/bge-small-en-v1.5/5c38ec7c405ec4b44b94cc5a9bb96e735b38267a/config.json?%2FBAAI%2Fbge-small-en-v1.5%2Fresolve%2Fmain%2Fconfig.json=&etag=%223992bf890728a92476c700e6e657fd696eb94160%22'), (b'X-Powered-By', b'huggingface-moon'), (b'X-Request-Id', b'Root=1-6a13e2de-1713fb2423a2cec046938c0e;8758cc5a-f2e9-4346-9ce9-6dae52ee8d82'), (b'RateLimit', b'"resolvers";r=4981;t=148'), (b'RateLimit-Policy', b'"fixed window";"resolvers";q=5000;w=300'), (b'cross-origin-opener-policy', b'same-origin'), (b'Referrer-Policy', b'strict-origin-when-cross-origin'), (b'Access-Control-Max-Age', b'86400'), (b'Access-Control-Allow-Origin', b'https://huggingface.co'), (b'Vary', b'Origin, Accept'), (b'Access-Control-Expose-Headers', b'X-Repo-Commit,X-Request-Id,X-Error-Code,X-Error-Message,X-Total-Count,ETag,Link,Accept-Ranges,Content-Range,X-Linked-Size,X-Linked-ETag,X-Xet-Hash'), (b'X-Repo-Commit', b'5c38ec7c405ec4b44b94cc5a9bb96e735b38267a'), (b'Accept-Ranges', b'bytes'), (b'X-Hub-Cache', b'HIT'), (b'Content-Disposition', b'inline; filename*=UTF-8\'\'config.json; filename="config.json";'), (b'Content-Security-Policy', b"default-src 'none'; sandbox"), (b'X-Linked-ETag', b'"3992bf890728a92476c700e6e657fd696eb94160"'), (b'X-Cache', b'Miss from cloudfront'), (b'Via', b'1.1 d3f943c585dbc140703b80fb53f9b362.cloudfront.net (CloudFront)'), (b'X-Amz-Cf-Pop', b'HYD57-P7'), (b'X-Amz-Cf-Id', b'VjriCcINczl28znUVm3n2xFfUxSBDxoBJ4hjVzZlPJOoCjvQgOI5_Q==')])
11:12:34 receive_response_body.started request=<Request [b'HEAD']>
11:12:34 receive_response_body.complete
11:12:34 response_closed.started
11:12:34 response_closed.complete
11:12:34 send_request_headers.started request=<Request [b'HEAD']>
11:12:34 send_request_headers.complete
11:12:34 send_request_body.started request=<Request [b'HEAD']>
11:12:34 send_request_body.complete
11:12:34 receive_response_headers.started request=<Request [b'HEAD']>
11:12:34 receive_response_headers.complete return_value=(b'HTTP/1.1', 200, b'OK', [(b'Content-Type', b'text/plain; charset=utf-8'), (b'Content-Length', b'743'), (b'Connection', b'keep-alive'), (b'Date', b'Mon, 18 May 2026 02:15:54 GMT'), (b'ETag', b'"3992bf890728a92476c700e6e657fd696eb94160"'), (b'X-Powered-By', b'huggingface-moon'), (b'X-Request-Id', b'Root=1-6a0a765a-159c00295e84bfd775d7dd68;415487f4-7e61-42d3-a82d-7039d38f6731'), (b'RateLimit', b'"resolvers";r=4987;t=52'), (b'RateLimit-Policy', b'"fixed window";"resolvers";q=5000;w=300'), (b'cross-origin-opener-policy', b'same-origin'), (b'Referrer-Policy', b'strict-origin-when-cross-origin'), (b'Access-Control-Max-Age', b'86400'), (b'Access-Control-Allow-Origin', b'https://huggingface.co'), (b'Access-Control-Expose-Headers', b'X-Repo-Commit,X-Request-Id,X-Error-Code,X-Error-Message,X-Total-Count,ETag,Link,Accept-Ranges,Content-Range,X-Linked-Size,X-Linked-ETag,X-Xet-Hash'), (b'X-Repo-Commit', b'5c38ec7c405ec4b44b94cc5a9bb96e735b38267a'), (b'Accept-Ranges', b'bytes'), (b'X-Hub-Cache', b'MISS'), (b'Content-Disposition', b'inline; filename*=UTF-8\'\'config.json; filename="config.json";'), (b'Content-Security-Policy', b"default-src 'none'; sandbox"), (b'Vary', b'Origin'), (b'X-Cache', b'Hit from cloudfront'), (b'Via', b'1.1 d3f943c585dbc140703b80fb53f9b362.cloudfront.net (CloudFront)'), (b'X-Amz-Cf-Pop', b'HYD57-P7'), (b'X-Amz-Cf-Id', b'h1Sbs_nS1eHkpu4TTYJGMH7URFXU5czSlR4qxhmIIpqjDMNe38ysPw=='), (b'Age', b'617604')])
11:12:34 receive_response_body.started request=<Request [b'HEAD']>
11:12:34 receive_response_body.complete
11:12:34 response_closed.started
11:12:34 response_closed.complete
11:12:34 send_request_headers.started request=<Request [b'HEAD']>
11:12:34 send_request_headers.complete
11:12:34 send_request_body.started request=<Request [b'HEAD']>
11:12:34 send_request_body.complete
11:12:34 receive_response_headers.started request=<Request [b'HEAD']>
11:12:35 receive_response_headers.complete return_value=(b'HTTP/1.1', 307, b'Temporary Redirect', [(b'Content-Type', b'text/plain; charset=utf-8'), (b'Content-Length', b'268'), (b'Connection', b'keep-alive'), (b'Date', b'Mon, 25 May 2026 05:49:18 GMT'), (b'Location', b'/api/resolve-cache/models/BAAI/bge-small-en-v1.5/5c38ec7c405ec4b44b94cc5a9bb96e735b38267a/tokenizer_config.json?%2FBAAI%2Fbge-small-en-v1.5%2Fresolve%2Fmain%2Ftokenizer_config.json=&etag=%2237fca74771bc76a8e01178ce3a6055a0995f8093%22'), (b'X-Powered-By', b'huggingface-moon'), (b'X-Request-Id', b'Root=1-6a13e2de-0ddf2e08237b13b45e14af7b;0534c6cb-50b7-42cd-96cb-9ef3dd3a8481'), (b'RateLimit', b'"resolvers";r=4980;t=148'), (b'RateLimit-Policy', b'"fixed window";"resolvers";q=5000;w=300'), (b'cross-origin-opener-policy', b'same-origin'), (b'Referrer-Policy', b'strict-origin-when-cross-origin'), (b'Access-Control-Max-Age', b'86400'), (b'Access-Control-Allow-Origin', b'https://huggingface.co'), (b'Vary', b'Origin, Accept'), (b'Access-Control-Expose-Headers', b'X-Repo-Commit,X-Request-Id,X-Error-Code,X-Error-Message,X-Total-Count,ETag,Link,Accept-Ranges,Content-Range,X-Linked-Size,X-Linked-ETag,X-Xet-Hash'), (b'X-Repo-Commit', b'5c38ec7c405ec4b44b94cc5a9bb96e735b38267a'), (b'Accept-Ranges', b'bytes'), (b'X-Hub-Cache', b'HIT'), (b'Content-Disposition', b'inline; filename*=UTF-8\'\'tokenizer_config.json; filename="tokenizer_config.json";'), (b'Content-Security-Policy', b"default-src 'none'; sandbox"), (b'X-Linked-ETag', b'"37fca74771bc76a8e01178ce3a6055a0995f8093"'), (b'X-Cache', b'Miss from cloudfront'), (b'Via', b'1.1 d3f943c585dbc140703b80fb53f9b362.cloudfront.net (CloudFront)'), (b'X-Amz-Cf-Pop', b'HYD57-P7'), (b'X-Amz-Cf-Id', b'iZR8nIb_LEGOPLjhpR52RS0mAqV5lZeq6IBxXeM4KvOxunll8RNYfg==')])
11:12:35 receive_response_body.started request=<Request [b'HEAD']>
11:12:35 receive_response_body.complete
11:12:35 response_closed.started
11:12:35 response_closed.complete
11:12:35 send_request_headers.started request=<Request [b'HEAD']>
11:12:35 send_request_headers.complete
11:12:35 send_request_body.started request=<Request [b'HEAD']>
11:12:35 send_request_body.complete
11:12:35 receive_response_headers.started request=<Request [b'HEAD']>
11:12:35 receive_response_headers.complete return_value=(b'HTTP/1.1', 200, b'OK', [(b'Content-Type', b'text/plain; charset=utf-8'), (b'Content-Length', b'366'), (b'Connection', b'keep-alive'), (b'Date', b'Mon, 18 May 2026 02:15:56 GMT'), (b'ETag', b'"37fca74771bc76a8e01178ce3a6055a0995f8093"'), (b'X-Powered-By', b'huggingface-moon'), (b'X-Request-Id', b'Root=1-6a0a765c-37288ff6791ad43351b5ac00;5b1a1125-895f-420e-8bd4-867bdc7b9a45'), (b'RateLimit', b'"resolvers";r=4984;t=50'), (b'RateLimit-Policy', b'"fixed window";"resolvers";q=5000;w=300'), (b'cross-origin-opener-policy', b'same-origin'), (b'Referrer-Policy', b'strict-origin-when-cross-origin'), (b'Access-Control-Max-Age', b'86400'), (b'Access-Control-Allow-Origin', b'https://huggingface.co'), (b'Access-Control-Expose-Headers', b'X-Repo-Commit,X-Request-Id,X-Error-Code,X-Error-Message,X-Total-Count,ETag,Link,Accept-Ranges,Content-Range,X-Linked-Size,X-Linked-ETag,X-Xet-Hash'), (b'X-Repo-Commit', b'5c38ec7c405ec4b44b94cc5a9bb96e735b38267a'), (b'Accept-Ranges', b'bytes'), (b'X-Hub-Cache', b'MISS'), (b'Content-Disposition', b'inline; filename*=UTF-8\'\'tokenizer_config.json; filename="tokenizer_config.json";'), (b'Content-Security-Policy', b"default-src 'none'; sandbox"), (b'Vary', b'Origin'), (b'X-Cache', b'Hit from cloudfront'), (b'Via', b'1.1 d3f943c585dbc140703b80fb53f9b362.cloudfront.net (CloudFront)'), (b'X-Amz-Cf-Pop', b'HYD57-P7'), (b'X-Amz-Cf-Id', b'Qb7tgho1qWJE9bIUSUIDnUFRFmbVw_5rFxV8_k5kEqYVPepjeYGHWA=='), (b'Age', b'617603')])
11:12:35 receive_response_body.started request=<Request [b'HEAD']>
11:12:35 receive_response_body.complete
11:12:35 response_closed.started
11:12:35 response_closed.complete
11:12:35 send_request_headers.started request=<Request [b'GET']>
11:12:35 send_request_headers.complete
11:12:35 send_request_body.started request=<Request [b'GET']>
11:12:35 send_request_body.complete
11:12:35 receive_response_headers.started request=<Request [b'GET']>
11:12:35 receive_response_headers.complete return_value=(b'HTTP/1.1', 404, b'Not Found', [(b'Content-Type', b'application/json; charset=utf-8'), (b'Content-Length', b'64'), (b'Connection', b'keep-alive'), (b'Date', b'Mon, 25 May 2026 05:49:19 GMT'), (b'ETag', b'W/"40-09f9IAqP13xarAhQxFS2W8rvRkM"'), (b'X-Powered-By', b'huggingface-moon'), (b'X-Request-Id', b'Root=1-6a13e2df-2f78dd684243519012316abe;3fb5c23a-ed5d-4fc9-8895-2dda025f8fb2'), (b'RateLimit', b'"api";r=997;t=147'), (b'RateLimit-Policy', b'"fixed window";"api";q=1000;w=300'), (b'cross-origin-opener-policy', b'same-origin'), (b'Referrer-Policy', b'strict-origin-when-cross-origin'), (b'Access-Control-Max-Age', b'86400'), (b'Access-Control-Allow-Origin', b'https://huggingface.co'), (b'Vary', b'Origin'), (b'Access-Control-Expose-Headers', b'X-Repo-Commit,X-Request-Id,X-Error-Code,X-Error-Message,X-Total-Count,ETag,Link,Accept-Ranges,Content-Range,X-Linked-Size,X-Linked-ETag,X-Xet-Hash'), (b'X-Error-Code', b'EntryNotFound'), (b'X-Error-Message', b'additional_chat_templates does not exist on "main"'), (b'X-Cache', b'Error from cloudfront'), (b'Via', b'1.1 d3f943c585dbc140703b80fb53f9b362.cloudfront.net (CloudFront)'), (b'X-Amz-Cf-Pop', b'HYD57-P7'), (b'X-Amz-Cf-Id', b'yDqjBp6XhMkqqqpoWU_rbyHT46S8RFrsv2mwgFkgpgzPwOUXUqF5Tw==')])
11:12:35 receive_response_body.started request=<Request [b'GET']>
11:12:35 receive_response_body.complete
11:12:35 response_closed.started
11:12:35 response_closed.complete
11:12:35 send_request_headers.started request=<Request [b'GET']>
11:12:35 send_request_headers.complete
11:12:35 send_request_body.started request=<Request [b'GET']>
11:12:35 send_request_body.complete
11:12:35 receive_response_headers.started request=<Request [b'GET']>
11:12:35 receive_response_headers.complete return_value=(b'HTTP/1.1', 200, b'OK', [(b'Content-Type', b'application/json; charset=utf-8'), (b'Transfer-Encoding', b'chunked'), (b'Connection', b'keep-alive'), (b'Date', b'Mon, 25 May 2026 05:49:19 GMT'), (b'content-encoding', b'gzip'), (b'ETag', b'W/"8c2-+B357tswuSDPZQJ4PcEV7JZlfTw"'), (b'X-Powered-By', b'huggingface-moon'), (b'X-Request-Id', b'Root=1-6a13e2df-24a4efc5698fe2187a462da9;fcd6cda5-5d1f-46a0-a51b-16f562d476ff'), (b'RateLimit', b'"api";r=996;t=147'), (b'RateLimit-Policy', b'"fixed window";"api";q=1000;w=300'), (b'cross-origin-opener-policy', b'same-origin'), (b'Referrer-Policy', b'strict-origin-when-cross-origin'), (b'Access-Control-Max-Age', b'86400'), (b'Access-Control-Allow-Origin', b'https://huggingface.co'), (b'Vary', b'Origin'), (b'vary', b'Accept-Encoding'), (b'Access-Control-Expose-Headers', b'X-Repo-Commit,X-Request-Id,X-Error-Code,X-Error-Message,X-Total-Count,ETag,Link,Accept-Ranges,Content-Range,X-Linked-Size,X-Linked-ETag,X-Xet-Hash'), (b'X-Cache', b'Miss from cloudfront'), (b'Via', b'1.1 d3f943c585dbc140703b80fb53f9b362.cloudfront.net (CloudFront)'), (b'X-Amz-Cf-Pop', b'HYD57-P7'), (b'X-Amz-Cf-Id', b'iDerMUHKLbyBQAvdMYjJk0W8t6YqKqeIRCYGQPOBsALojkWS3O4neQ==')])
11:12:35 receive_response_body.started request=<Request [b'GET']>
11:12:36 receive_response_body.complete
11:12:36 response_closed.started
11:12:36 response_closed.complete
11:12:36 send_request_headers.started request=<Request [b'HEAD']>
11:12:36 send_request_headers.complete
11:12:36 send_request_body.started request=<Request [b'HEAD']>
11:12:36 send_request_body.complete
11:12:36 receive_response_headers.started request=<Request [b'HEAD']>
11:12:36 receive_response_headers.complete return_value=(b'HTTP/1.1', 307, b'Temporary Redirect', [(b'Content-Type', b'text/plain; charset=utf-8'), (b'Content-Length', b'272'), (b'Connection', b'keep-alive'), (b'Date', b'Mon, 25 May 2026 05:49:20 GMT'), (b'Location', b'/api/resolve-cache/models/BAAI/bge-small-en-v1.5/5c38ec7c405ec4b44b94cc5a9bb96e735b38267a/1_Pooling%2Fconfig.json?%2FBAAI%2Fbge-small-en-v1.5%2Fresolve%2Fmain%2F1_Pooling%2Fconfig.json=&etag=%221da070f0993788c8851a652170ff013aa54dd519%22'), (b'X-Powered-By', b'huggingface-moon'), (b'X-Request-Id', b'Root=1-6a13e2e0-70342feb5f1224375ae96ee0;ebf0f585-f655-4234-aa74-73eaf67d4ed0'), (b'RateLimit', b'"resolvers";r=4978;t=146'), (b'RateLimit-Policy', b'"fixed window";"resolvers";q=5000;w=300'), (b'cross-origin-opener-policy', b'same-origin'), (b'Referrer-Policy', b'strict-origin-when-cross-origin'), (b'Access-Control-Max-Age', b'86400'), (b'Access-Control-Allow-Origin', b'https://huggingface.co'), (b'Vary', b'Origin, Accept'), (b'Access-Control-Expose-Headers', b'X-Repo-Commit,X-Request-Id,X-Error-Code,X-Error-Message,X-Total-Count,ETag,Link,Accept-Ranges,Content-Range,X-Linked-Size,X-Linked-ETag,X-Xet-Hash'), (b'X-Repo-Commit', b'5c38ec7c405ec4b44b94cc5a9bb96e735b38267a'), (b'Accept-Ranges', b'bytes'), (b'X-Hub-Cache', b'HIT'), (b'Content-Disposition', b'inline; filename*=UTF-8\'\'config.json; filename="config.json";'), (b'Content-Security-Policy', b"default-src 'none'; sandbox"), (b'X-Linked-ETag', b'"1da070f0993788c8851a652170ff013aa54dd519"'), (b'X-Cache', b'Miss from cloudfront'), (b'Via', b'1.1 d3f943c585dbc140703b80fb53f9b362.cloudfront.net (CloudFront)'), (b'X-Amz-Cf-Pop', b'HYD57-P7'), (b'X-Amz-Cf-Id', b'qiMY2AL169TSqfs3NfAu_H0E-VTccaPd9ROSgLekoxFB2Rj-V-unmQ==')])
11:12:36 receive_response_body.started request=<Request [b'HEAD']>
11:12:36 receive_response_body.complete
11:12:36 response_closed.started
11:12:36 response_closed.complete
11:12:36 send_request_headers.started request=<Request [b'HEAD']>
11:12:36 send_request_headers.complete
11:12:36 send_request_body.started request=<Request [b'HEAD']>
11:12:36 send_request_body.complete
11:12:36 receive_response_headers.started request=<Request [b'HEAD']>
11:12:36 receive_response_headers.complete return_value=(b'HTTP/1.1', 200, b'OK', [(b'Content-Type', b'text/plain; charset=utf-8'), (b'Content-Length', b'190'), (b'Connection', b'keep-alive'), (b'Date', b'Mon, 18 May 2026 02:15:58 GMT'), (b'ETag', b'"1da070f0993788c8851a652170ff013aa54dd519"'), (b'X-Powered-By', b'huggingface-moon'), (b'X-Request-Id', b'Root=1-6a0a765e-734c3bee14c8294d09f03382;4665a7e3-9092-4bda-af18-c540be26ee11'), (b'RateLimit', b'"resolvers";r=4982;t=48'), (b'RateLimit-Policy', b'"fixed window";"resolvers";q=5000;w=300'), (b'cross-origin-opener-policy', b'same-origin'), (b'Referrer-Policy', b'strict-origin-when-cross-origin'), (b'Access-Control-Max-Age', b'86400'), (b'Access-Control-Allow-Origin', b'https://huggingface.co'), (b'Access-Control-Expose-Headers', b'X-Repo-Commit,X-Request-Id,X-Error-Code,X-Error-Message,X-Total-Count,ETag,Link,Accept-Ranges,Content-Range,X-Linked-Size,X-Linked-ETag,X-Xet-Hash'), (b'X-Repo-Commit', b'5c38ec7c405ec4b44b94cc5a9bb96e735b38267a'), (b'Accept-Ranges', b'bytes'), (b'X-Hub-Cache', b'MISS'), (b'Content-Disposition', b'inline; filename*=UTF-8\'\'config.json; filename="config.json";'), (b'Content-Security-Policy', b"default-src 'none'; sandbox"), (b'Vary', b'Origin'), (b'X-Cache', b'Hit from cloudfront'), (b'Via', b'1.1 d3f943c585dbc140703b80fb53f9b362.cloudfront.net (CloudFront)'), (b'X-Amz-Cf-Pop', b'HYD57-P7'), (b'X-Amz-Cf-Id', b'i4bUMF6ZXP_ygxzYn7DW2EJLi9KaKQmLw27x07rgea5sIDzO_DF87A=='), (b'Age', b'617602')])
11:12:36 receive_response_body.started request=<Request [b'HEAD']>
11:12:36 receive_response_body.complete
11:12:36 response_closed.started
11:12:36 response_closed.complete
11:12:36 send_request_headers.started request=<Request [b'GET']>
11:12:36 send_request_headers.complete
11:12:36 send_request_body.started request=<Request [b'GET']>
11:12:36 send_request_body.complete
11:12:36 receive_response_headers.started request=<Request [b'GET']>
11:12:36 receive_response_headers.complete return_value=(b'HTTP/1.1', 200, b'OK', [(b'Content-Type', b'application/json; charset=utf-8'), (b'Transfer-Encoding', b'chunked'), (b'Connection', b'keep-alive'), (b'Date', b'Mon, 25 May 2026 05:49:20 GMT'), (b'content-encoding', b'gzip'), (b'ETag', b'W/"24657-zpjRfxH0g6VnnBVN2atbirZU6Oc"'), (b'X-Powered-By', b'huggingface-moon'), (b'X-Request-Id', b'Root=1-6a13e2e0-15b00f327ea592a76184accc;ca7a9bcf-1b9c-4742-af26-76fbf5a1af31'), (b'RateLimit', b'"api";r=994;t=146'), (b'RateLimit-Policy', b'"fixed window";"api";q=1000;w=300'), (b'cross-origin-opener-policy', b'same-origin'), (b'Referrer-Policy', b'strict-origin-when-cross-origin'), (b'Access-Control-Max-Age', b'86400'), (b'Access-Control-Allow-Origin', b'https://huggingface.co'), (b'Vary', b'Origin'), (b'vary', b'Accept-Encoding'), (b'Access-Control-Expose-Headers', b'X-Repo-Commit,X-Request-Id,X-Error-Code,X-Error-Message,X-Total-Count,ETag,Link,Accept-Ranges,Content-Range,X-Linked-Size,X-Linked-ETag,X-Xet-Hash'), (b'X-Cache', b'Miss from cloudfront'), (b'Via', b'1.1 d3f943c585dbc140703b80fb53f9b362.cloudfront.net (CloudFront)'), (b'X-Amz-Cf-Pop', b'HYD57-P7'), (b'X-Amz-Cf-Id', b'nbGA7y85gC5VkdMzjkWhcbsc88gFnNIb4zxu6D4wzaTjkCnMGXdW-g==')])
11:12:36 receive_response_body.started request=<Request [b'GET']>
11:12:36 receive_response_body.complete
11:12:36 response_closed.started
11:12:36 response_closed.complete
11:12:37 EntityRegistry loaded: 31518 canonicals, 33426 surfaces, threshold=0.731
11:12:37 RelationRegistry loaded: 12154 clusters, threshold=0.815
11:12:37 Registries: ER=31518 canonicals, RR=12154 clusters
11:12:37 SQLiteGraphStore loaded from D:\Machine Learning\project_genesis\GLM_X\glm_x_code\model_training\universal\parallel_tmp\w_6000-7000\chunk_6000-7000.db: 0 nodes, 0 edges, 0 embeddings
11:12:37 No existing DB — creating new
11:12:38 Creating converter from 7 to 5
11:12:38 Creating converter from 5 to 7
11:12:38 Creating converter from 7 to 5
11:12:38 Creating converter from 5 to 7
11:12:40 Initializing KGBuilder pipeline...
11:12:40 spaCy model: en_core_web_sm
11:12:40 Encoder model: BAAI/bge-small-en-v1.5
11:12:40 Cascade levels: ['rules', 'spacy_llm']
11:12:40 Loading encoder model...
11:12:40 send_request_headers.started request=<Request [b'HEAD']>
11:12:40 send_request_headers.complete
11:12:40 send_request_body.started request=<Request [b'HEAD']>
11:12:40 send_request_body.complete
11:12:40 receive_response_headers.started request=<Request [b'HEAD']>
11:12:40 receive_response_headers.complete return_value=(b'HTTP/1.1', 307, b'Temporary Redirect', [(b'Content-Type', b'text/plain; charset=utf-8'), (b'Content-Length', b'250'), (b'Connection', b'keep-alive'), (b'Date', b'Mon, 25 May 2026 05:49:24 GMT'), (b'Location', b'/api/resolve-cache/models/BAAI/bge-small-en-v1.5/5c38ec7c405ec4b44b94cc5a9bb96e735b38267a/modules.json?%2FBAAI%2Fbge-small-en-v1.5%2Fresolve%2Fmain%2Fmodules.json=&etag=%22952a9b81c0bfd99800fabf352f69c7ccd46c5e43%22'), (b'X-Powered-By', b'huggingface-moon'), (b'X-Request-Id', b'Root=1-6a13e2e4-6198e9c2326dca4325a086c1;8dfe8c96-06ea-45d3-9d55-2cff5c622700'), (b'RateLimit', b'"resolvers";r=4976;t=142'), (b'RateLimit-Policy', b'"fixed window";"resolvers";q=5000;w=300'), (b'cross-origin-opener-policy', b'same-origin'), (b'Referrer-Policy', b'strict-origin-when-cross-origin'), (b'Access-Control-Max-Age', b'86400'), (b'Access-Control-Allow-Origin', b'https://huggingface.co'), (b'Vary', b'Origin, Accept'), (b'Access-Control-Expose-Headers', b'X-Repo-Commit,X-Request-Id,X-Error-Code,X-Error-Message,X-Total-Count,ETag,Link,Accept-Ranges,Content-Range,X-Linked-Size,X-Linked-ETag,X-Xet-Hash'), (b'X-Repo-Commit', b'5c38ec7c405ec4b44b94cc5a9bb96e735b38267a'), (b'Accept-Ranges', b'bytes'), (b'X-Hub-Cache', b'HIT'), (b'Content-Disposition', b'inline; filename*=UTF-8\'\'modules.json; filename="modules.json";'), (b'Content-Security-Policy', b"default-src 'none'; sandbox"), (b'X-Linked-ETag', b'"952a9b81c0bfd99800fabf352f69c7ccd46c5e43"'), (b'X-Cache', b'Miss from cloudfront'), (b'Via', b'1.1 d3f943c585dbc140703b80fb53f9b362.cloudfront.net (CloudFront)'), (b'X-Amz-Cf-Pop', b'HYD57-P7'), (b'X-Amz-Cf-Id', b'95wpIAZmZ_3_ivZ8eqqDAQu7xGxAL0Jm0yLrnjZhQNmrlC0Tvahn2A==')])
11:12:40 receive_response_body.started request=<Request [b'HEAD']>
11:12:40 receive_response_body.complete
11:12:40 response_closed.started
11:12:40 response_closed.complete
11:12:40 send_request_headers.started request=<Request [b'HEAD']>
11:12:40 send_request_headers.complete
11:12:40 send_request_body.started request=<Request [b'HEAD']>
11:12:40 send_request_body.complete
11:12:40 receive_response_headers.started request=<Request [b'HEAD']>
11:12:40 receive_response_headers.complete return_value=(b'HTTP/1.1', 200, b'OK', [(b'Content-Type', b'text/plain; charset=utf-8'), (b'Content-Length', b'349'), (b'Connection', b'keep-alive'), (b'Date', b'Mon, 18 May 2026 02:15:50 GMT'), (b'ETag', b'"952a9b81c0bfd99800fabf352f69c7ccd46c5e43"'), (b'X-Powered-By', b'huggingface-moon'), (b'X-Request-Id', b'Root=1-6a0a7656-6fc1170e44c4dc9c400fce05;fa7b26e7-4bda-4984-b00d-140594d0385c'), (b'RateLimit', b'"resolvers";r=4998;t=56'), (b'RateLimit-Policy', b'"fixed window";"resolvers";q=5000;w=300'), (b'cross-origin-opener-policy', b'same-origin'), (b'Referrer-Policy', b'strict-origin-when-cross-origin'), (b'Access-Control-Max-Age', b'86400'), (b'Access-Control-Allow-Origin', b'https://huggingface.co'), (b'Access-Control-Expose-Headers', b'X-Repo-Commit,X-Request-Id,X-Error-Code,X-Error-Message,X-Total-Count,ETag,Link,Accept-Ranges,Content-Range,X-Linked-Size,X-Linked-ETag,X-Xet-Hash'), (b'X-Repo-Commit', b'5c38ec7c405ec4b44b94cc5a9bb96e735b38267a'), (b'Accept-Ranges', b'bytes'), (b'X-Hub-Cache', b'MISS'), (b'Content-Disposition', b'inline; filename*=UTF-8\'\'modules.json; filename="modules.json";'), (b'Content-Security-Policy', b"default-src 'none'; sandbox"), (b'Vary', b'Origin'), (b'X-Cache', b'Hit from cloudfront'), (b'Via', b'1.1 d3f943c585dbc140703b80fb53f9b362.cloudfront.net (CloudFront)'), (b'X-Amz-Cf-Pop', b'HYD57-P7'), (b'X-Amz-Cf-Id', b'BTkcaN14zMyVou24KPBw3cH-L7AVbWIM5Gq3QC3Hg_okFwok8gIjXg=='), (b'Age', b'617614')])
11:12:40 receive_response_body.started request=<Request [b'HEAD']>
11:12:40 receive_response_body.complete
11:12:40 response_closed.started
11:12:40 response_closed.complete
11:12:40 send_request_headers.started request=<Request [b'HEAD']>
11:12:40 send_request_headers.complete
11:12:40 send_request_body.started request=<Request [b'HEAD']>
11:12:40 send_request_body.complete
11:12:40 receive_response_headers.started request=<Request [b'HEAD']>
11:12:41 receive_response_headers.complete return_value=(b'HTTP/1.1', 307, b'Temporary Redirect', [(b'Content-Type', b'text/plain; charset=utf-8'), (b'Content-Length', b'292'), (b'Connection', b'keep-alive'), (b'Date', b'Mon, 25 May 2026 05:49:24 GMT'), (b'Location', b'/api/resolve-cache/models/BAAI/bge-small-en-v1.5/5c38ec7c405ec4b44b94cc5a9bb96e735b38267a/config_sentence_transformers.json?%2FBAAI%2Fbge-small-en-v1.5%2Fresolve%2Fmain%2Fconfig_sentence_transformers.json=&etag=%22dcb0c0d97d09b930d13600b1a773ddb27e441aab%22'), (b'X-Powered-By', b'huggingface-moon'), (b'X-Request-Id', b'Root=1-6a13e2e4-07575c0723d4f7377f7dc788;1c3b2ac3-0832-4c14-b874-31bcf37a7642'), (b'RateLimit', b'"resolvers";r=4974;t=142'), (b'RateLimit-Policy', b'"fixed window";"resolvers";q=5000;w=300'), (b'cross-origin-opener-policy', b'same-origin'), (b'Referrer-Policy', b'strict-origin-when-cross-origin'), (b'Access-Control-Max-Age', b'86400'), (b'Access-Control-Allow-Origin', b'https://huggingface.co'), (b'Vary', b'Origin, Accept'), (b'Access-Control-Expose-Headers', b'X-Repo-Commit,X-Request-Id,X-Error-Code,X-Error-Message,X-Total-Count,ETag,Link,Accept-Ranges,Content-Range,X-Linked-Size,X-Linked-ETag,X-Xet-Hash'), (b'X-Repo-Commit', b'5c38ec7c405ec4b44b94cc5a9bb96e735b38267a'), (b'Accept-Ranges', b'bytes'), (b'X-Hub-Cache', b'HIT'), (b'Content-Disposition', b'inline; filename*=UTF-8\'\'config_sentence_transformers.json; filename="config_sentence_transformers.json";'), (b'Content-Security-Policy', b"default-src 'none'; sandbox"), (b'X-Linked-ETag', b'"dcb0c0d97d09b930d13600b1a773ddb27e441aab"'), (b'X-Cache', b'Miss from cloudfront'), (b'Via', b'1.1 d3f943c585dbc140703b80fb53f9b362.cloudfront.net (CloudFront)'), (b'X-Amz-Cf-Pop', b'HYD57-P7'), (b'X-Amz-Cf-Id', b'_Xry6HYKRln4IP2jfVDUrZpCd8_a6aAxbyhm4DZvWtlbzaCjBYfX5A==')])
11:12:41 receive_response_body.started request=<Request [b'HEAD']>
11:12:41 receive_response_body.complete
11:12:41 response_closed.started
11:12:41 response_closed.complete
11:12:41 send_request_headers.started request=<Request [b'HEAD']>
11:12:41 send_request_headers.complete
11:12:41 send_request_body.started request=<Request [b'HEAD']>
11:12:41 send_request_body.complete
11:12:41 receive_response_headers.started request=<Request [b'HEAD']>
11:12:41 receive_response_headers.complete return_value=(b'HTTP/1.1', 200, b'OK', [(b'Content-Type', b'text/plain; charset=utf-8'), (b'Content-Length', b'124'), (b'Connection', b'keep-alive'), (b'Date', b'Mon, 18 May 2026 02:15:51 GMT'), (b'ETag', b'"dcb0c0d97d09b930d13600b1a773ddb27e441aab"'), (b'X-Powered-By', b'huggingface-moon'), (b'X-Request-Id', b'Root=1-6a0a7657-196beb9047a2074948bb23b4;591448dd-9627-4203-827e-27d37eeb8ead'), (b'RateLimit', b'"resolvers";r=4996;t=55'), (b'RateLimit-Policy', b'"fixed window";"resolvers";q=5000;w=300'), (b'cross-origin-opener-policy', b'same-origin'), (b'Referrer-Policy', b'strict-origin-when-cross-origin'), (b'Access-Control-Max-Age', b'86400'), (b'Access-Control-Allow-Origin', b'https://huggingface.co'), (b'Access-Control-Expose-Headers', b'X-Repo-Commit,X-Request-Id,X-Error-Code,X-Error-Message,X-Total-Count,ETag,Link,Accept-Ranges,Content-Range,X-Linked-Size,X-Linked-ETag,X-Xet-Hash'), (b'X-Repo-Commit', b'5c38ec7c405ec4b44b94cc5a9bb96e735b38267a'), (b'Accept-Ranges', b'bytes'), (b'X-Hub-Cache', b'MISS'), (b'Content-Disposition', b'inline; filename*=UTF-8\'\'config_sentence_transformers.json; filename="config_sentence_transformers.json";'), (b'Content-Security-Policy', b"default-src 'none'; sandbox"), (b'Vary', b'Origin'), (b'X-Cache', b'Hit from cloudfront'), (b'Via', b'1.1 d3f943c585dbc140703b80fb53f9b362.cloudfront.net (CloudFront)'), (b'X-Amz-Cf-Pop', b'HYD57-P7'), (b'X-Amz-Cf-Id', b'NYKERI38mIROrdhd4F5bBODzz7CDxQZwUZ1VMRI8YSMvrjf-JnpZxA=='), (b'Age', b'617613')])
11:12:41 receive_response_body.started request=<Request [b'HEAD']>
11:12:41 receive_response_body.complete
11:12:41 response_closed.started
11:12:41 response_closed.complete
11:12:41 send_request_headers.started request=<Request [b'HEAD']>
11:12:41 send_request_headers.complete
11:12:41 send_request_body.started request=<Request [b'HEAD']>
11:12:41 send_request_body.complete
11:12:41 receive_response_headers.started request=<Request [b'HEAD']>
11:12:41 receive_response_headers.complete return_value=(b'HTTP/1.1', 307, b'Temporary Redirect', [(b'Content-Type', b'text/plain; charset=utf-8'), (b'Content-Length', b'292'), (b'Connection', b'keep-alive'), (b'Date', b'Mon, 25 May 2026 05:49:25 GMT'), (b'Location', b'/api/resolve-cache/models/BAAI/bge-small-en-v1.5/5c38ec7c405ec4b44b94cc5a9bb96e735b38267a/config_sentence_transformers.json?%2FBAAI%2Fbge-small-en-v1.5%2Fresolve%2Fmain%2Fconfig_sentence_transformers.json=&etag=%22dcb0c0d97d09b930d13600b1a773ddb27e441aab%22'), (b'X-Powered-By', b'huggingface-moon'), (b'X-Request-Id', b'Root=1-6a13e2e5-6e93672330a6861371b8688e;395b10c5-3193-4947-af48-6a9dbf58e6df'), (b'RateLimit', b'"resolvers";r=4972;t=141'), (b'RateLimit-Policy', b'"fixed window";"resolvers";q=5000;w=300'), (b'cross-origin-opener-policy', b'same-origin'), (b'Referrer-Policy', b'strict-origin-when-cross-origin'), (b'Access-Control-Max-Age', b'86400'), (b'Access-Control-Allow-Origin', b'https://huggingface.co'), (b'Vary', b'Origin, Accept'), (b'Access-Control-Expose-Headers', b'X-Repo-Commit,X-Request-Id,X-Error-Code,X-Error-Message,X-Total-Count,ETag,Link,Accept-Ranges,Content-Range,X-Linked-Size,X-Linked-ETag,X-Xet-Hash'), (b'X-Repo-Commit', b'5c38ec7c405ec4b44b94cc5a9bb96e735b38267a'), (b'Accept-Ranges', b'bytes'), (b'X-Hub-Cache', b'HIT'), (b'Content-Disposition', b'inline; filename*=UTF-8\'\'config_sentence_transformers.json; filename="config_sentence_transformers.json";'), (b'Content-Security-Policy', b"default-src 'none'; sandbox"), (b'X-Linked-ETag', b'"dcb0c0d97d09b930d13600b1a773ddb27e441aab"'), (b'X-Cache', b'Miss from cloudfront'), (b'Via', b'1.1 d3f943c585dbc140703b80fb53f9b362.cloudfront.net (CloudFront)'), (b'X-Amz-Cf-Pop', b'HYD57-P7'), (b'X-Amz-Cf-Id', b'uO__4f3iEFjWqxENa5LPBHswpvEFYtjPvoFgd5C-cXchFvVV8e-HbA==')])
11:12:41 receive_response_body.started request=<Request [b'HEAD']>
11:12:41 receive_response_body.complete
11:12:41 response_closed.started
11:12:41 response_closed.complete
11:12:41 send_request_headers.started request=<Request [b'HEAD']>
11:12:41 send_request_headers.complete
11:12:41 send_request_body.started request=<Request [b'HEAD']>
11:12:41 send_request_body.complete
11:12:41 receive_response_headers.started request=<Request [b'HEAD']>
11:12:41 receive_response_headers.complete return_value=(b'HTTP/1.1', 200, b'OK', [(b'Content-Type', b'text/plain; charset=utf-8'), (b'Content-Length', b'124'), (b'Connection', b'keep-alive'), (b'Date', b'Mon, 18 May 2026 02:15:51 GMT'), (b'ETag', b'"dcb0c0d97d09b930d13600b1a773ddb27e441aab"'), (b'X-Powered-By', b'huggingface-moon'), (b'X-Request-Id', b'Root=1-6a0a7657-196beb9047a2074948bb23b4;591448dd-9627-4203-827e-27d37eeb8ead'), (b'RateLimit', b'"resolvers";r=4996;t=55'), (b'RateLimit-Policy', b'"fixed window";"resolvers";q=5000;w=300'), (b'cross-origin-opener-policy', b'same-origin'), (b'Referrer-Policy', b'strict-origin-when-cross-origin'), (b'Access-Control-Max-Age', b'86400'), (b'Access-Control-Allow-Origin', b'https://huggingface.co'), (b'Access-Control-Expose-Headers', b'X-Repo-Commit,X-Request-Id,X-Error-Code,X-Error-Message,X-Total-Count,ETag,Link,Accept-Ranges,Content-Range,X-Linked-Size,X-Linked-ETag,X-Xet-Hash'), (b'X-Repo-Commit', b'5c38ec7c405ec4b44b94cc5a9bb96e735b38267a'), (b'Accept-Ranges', b'bytes'), (b'X-Hub-Cache', b'MISS'), (b'Content-Disposition', b'inline; filename*=UTF-8\'\'config_sentence_transformers.json; filename="config_sentence_transformers.json";'), (b'Content-Security-Policy', b"default-src 'none'; sandbox"), (b'Vary', b'Origin'), (b'X-Cache', b'Hit from cloudfront'), (b'Via', b'1.1 d3f943c585dbc140703b80fb53f9b362.cloudfront.net (CloudFront)'), (b'X-Amz-Cf-Pop', b'HYD57-P7'), (b'X-Amz-Cf-Id', b'rttuK_Q-z8gHkHF719vRrAJE1hfyey4MrhE6ak1sU2lHKmhMARIe8Q=='), (b'Age', b'617614')])
11:12:41 receive_response_body.started request=<Request [b'HEAD']>
11:12:41 receive_response_body.complete
11:12:41 response_closed.started
11:12:41 response_closed.complete
11:12:41 send_request_headers.started request=<Request [b'HEAD']>
11:12:41 send_request_headers.complete
11:12:41 send_request_body.started request=<Request [b'HEAD']>
11:12:41 send_request_body.complete
11:12:41 receive_response_headers.started request=<Request [b'HEAD']>
11:12:41 receive_response_headers.complete return_value=(b'HTTP/1.1', 307, b'Temporary Redirect', [(b'Content-Type', b'text/plain; charset=utf-8'), (b'Content-Length', b'244'), (b'Connection', b'keep-alive'), (b'Date', b'Mon, 25 May 2026 05:49:25 GMT'), (b'Location', b'/api/resolve-cache/models/BAAI/bge-small-en-v1.5/5c38ec7c405ec4b44b94cc5a9bb96e735b38267a/README.md?%2FBAAI%2Fbge-small-en-v1.5%2Fresolve%2Fmain%2FREADME.md=&etag=%228b8567d75ffa619486d9590cb0eb76d66ad46c49%22'), (b'X-Powered-By', b'huggingface-moon'), (b'X-Request-Id', b'Root=1-6a13e2e5-7a64a8e62933f2681dfdc37c;88ecbbb9-a40f-4ed1-8e75-882198d4cfb1'), (b'RateLimit', b'"resolvers";r=4970;t=141'), (b'RateLimit-Policy', b'"fixed window";"resolvers";q=5000;w=300'), (b'cross-origin-opener-policy', b'same-origin'), (b'Referrer-Policy', b'strict-origin-when-cross-origin'), (b'Access-Control-Max-Age', b'86400'), (b'Access-Control-Allow-Origin', b'https://huggingface.co'), (b'Vary', b'Origin, Accept'), (b'Access-Control-Expose-Headers', b'X-Repo-Commit,X-Request-Id,X-Error-Code,X-Error-Message,X-Total-Count,ETag,Link,Accept-Ranges,Content-Range,X-Linked-Size,X-Linked-ETag,X-Xet-Hash'), (b'X-Repo-Commit', b'5c38ec7c405ec4b44b94cc5a9bb96e735b38267a'), (b'Accept-Ranges', b'bytes'), (b'X-Hub-Cache', b'HIT'), (b'Content-Disposition', b'inline; filename*=UTF-8\'\'README.md; filename="README.md";'), (b'Content-Security-Policy', b"default-src 'none'; sandbox"), (b'X-Linked-ETag', b'"8b8567d75ffa619486d9590cb0eb76d66ad46c49"'), (b'X-Cache', b'Miss from cloudfront'), (b'Via', b'1.1 d3f943c585dbc140703b80fb53f9b362.cloudfront.net (CloudFront)'), (b'X-Amz-Cf-Pop', b'HYD57-P7'), (b'X-Amz-Cf-Id', b'SO84huFt9dIg-f0NRRRsxeu3kitai8Hxf39PneqF2ZsjF58vZdwlTg==')])
11:12:41 receive_response_body.started request=<Request [b'HEAD']>
11:12:41 receive_response_body.complete
11:12:41 response_closed.started
11:12:41 response_closed.complete
11:12:41 send_request_headers.started request=<Request [b'HEAD']>
11:12:41 send_request_headers.complete
11:12:41 send_request_body.started request=<Request [b'HEAD']>
11:12:41 send_request_body.complete
11:12:41 receive_response_headers.started request=<Request [b'HEAD']>
11:12:41 receive_response_headers.complete return_value=(b'HTTP/1.1', 200, b'OK', [(b'Content-Type', b'text/plain; charset=utf-8'), (b'Content-Length', b'94783'), (b'Connection', b'keep-alive'), (b'Date', b'Mon, 18 May 2026 02:15:52 GMT'), (b'ETag', b'"8b8567d75ffa619486d9590cb0eb76d66ad46c49"'), (b'X-Powered-By', b'huggingface-moon'), (b'X-Request-Id', b'Root=1-6a0a7658-6f819634699e4bc3513c4d0c;eed92f06-965d-41af-9f9a-191b20b4f682'), (b'RateLimit', b'"resolvers";r=4993;t=54'), (b'RateLimit-Policy', b'"fixed window";"resolvers";q=5000;w=300'), (b'cross-origin-opener-policy', b'same-origin'), (b'Referrer-Policy', b'strict-origin-when-cross-origin'), (b'Access-Control-Max-Age', b'86400'), (b'Access-Control-Allow-Origin', b'https://huggingface.co'), (b'Access-Control-Expose-Headers', b'X-Repo-Commit,X-Request-Id,X-Error-Code,X-Error-Message,X-Total-Count,ETag,Link,Accept-Ranges,Content-Range,X-Linked-Size,X-Linked-ETag,X-Xet-Hash'), (b'X-Repo-Commit', b'5c38ec7c405ec4b44b94cc5a9bb96e735b38267a'), (b'Accept-Ranges', b'bytes'), (b'X-Hub-Cache', b'MISS'), (b'Content-Disposition', b'inline; filename*=UTF-8\'\'README.md; filename="README.md";'), (b'Content-Security-Policy', b"default-src 'none'; sandbox"), (b'Vary', b'Origin'), (b'X-Cache', b'Hit from cloudfront'), (b'Via', b'1.1 d3f943c585dbc140703b80fb53f9b362.cloudfront.net (CloudFront)'), (b'X-Amz-Cf-Pop', b'HYD57-P7'), (b'X-Amz-Cf-Id', b'6zf1WFQnDhVcd2FLCs7yHGqCHBJomRyHSPOzEyFueY0oI6kvvWSCXg=='), (b'Age', b'617613')])
11:12:41 receive_response_body.started request=<Request [b'HEAD']>
11:12:41 receive_response_body.complete
11:12:41 response_closed.started
11:12:41 response_closed.complete
11:12:41 send_request_headers.started request=<Request [b'HEAD']>
11:12:41 send_request_headers.complete
11:12:41 send_request_body.started request=<Request [b'HEAD']>
11:12:41 send_request_body.complete
11:12:41 receive_response_headers.started request=<Request [b'HEAD']>
11:12:41 receive_response_headers.complete return_value=(b'HTTP/1.1', 307, b'Temporary Redirect', [(b'Content-Type', b'text/plain; charset=utf-8'), (b'Content-Length', b'250'), (b'Connection', b'keep-alive'), (b'Date', b'Mon, 25 May 2026 05:49:25 GMT'), (b'Location', b'/api/resolve-cache/models/BAAI/bge-small-en-v1.5/5c38ec7c405ec4b44b94cc5a9bb96e735b38267a/modules.json?%2FBAAI%2Fbge-small-en-v1.5%2Fresolve%2Fmain%2Fmodules.json=&etag=%22952a9b81c0bfd99800fabf352f69c7ccd46c5e43%22'), (b'X-Powered-By', b'huggingface-moon'), (b'X-Request-Id', b'Root=1-6a13e2e5-6a94fd244a3522877671348d;df3ca7c8-8b75-4c60-b820-b0209ecd4022'), (b'RateLimit', b'"resolvers";r=4969;t=141'), (b'RateLimit-Policy', b'"fixed window";"resolvers";q=5000;w=300'), (b'cross-origin-opener-policy', b'same-origin'), (b'Referrer-Policy', b'strict-origin-when-cross-origin'), (b'Access-Control-Max-Age', b'86400'), (b'Access-Control-Allow-Origin', b'https://huggingface.co'), (b'Vary', b'Origin, Accept'), (b'Access-Control-Expose-Headers', b'X-Repo-Commit,X-Request-Id,X-Error-Code,X-Error-Message,X-Total-Count,ETag,Link,Accept-Ranges,Content-Range,X-Linked-Size,X-Linked-ETag,X-Xet-Hash'), (b'X-Repo-Commit', b'5c38ec7c405ec4b44b94cc5a9bb96e735b38267a'), (b'Accept-Ranges', b'bytes'), (b'X-Hub-Cache', b'HIT'), (b'Content-Disposition', b'inline; filename*=UTF-8\'\'modules.json; filename="modules.json";'), (b'Content-Security-Policy', b"default-src 'none'; sandbox"), (b'X-Linked-ETag', b'"952a9b81c0bfd99800fabf352f69c7ccd46c5e43"'), (b'X-Cache', b'Miss from cloudfront'), (b'Via', b'1.1 d3f943c585dbc140703b80fb53f9b362.cloudfront.net (CloudFront)'), (b'X-Amz-Cf-Pop', b'HYD57-P7'), (b'X-Amz-Cf-Id', b'ypVoLGKJnMuwQZOo9kK48y3T5oJuIIBkUd6kSVeaaKZcOIhCM3Is6g==')])
11:12:41 receive_response_body.started request=<Request [b'HEAD']>
11:12:41 receive_response_body.complete
11:12:41 response_closed.started
11:12:41 response_closed.complete
11:12:41 send_request_headers.started request=<Request [b'HEAD']>
11:12:41 send_request_headers.complete
11:12:41 send_request_body.started request=<Request [b'HEAD']>
11:12:41 send_request_body.complete
11:12:41 receive_response_headers.started request=<Request [b'HEAD']>
11:12:41 receive_response_headers.complete return_value=(b'HTTP/1.1', 200, b'OK', [(b'Content-Type', b'text/plain; charset=utf-8'), (b'Content-Length', b'349'), (b'Connection', b'keep-alive'), (b'Date', b'Mon, 18 May 2026 02:15:50 GMT'), (b'ETag', b'"952a9b81c0bfd99800fabf352f69c7ccd46c5e43"'), (b'X-Powered-By', b'huggingface-moon'), (b'X-Request-Id', b'Root=1-6a0a7656-6fc1170e44c4dc9c400fce05;fa7b26e7-4bda-4984-b00d-140594d0385c'), (b'RateLimit', b'"resolvers";r=4998;t=56'), (b'RateLimit-Policy', b'"fixed window";"resolvers";q=5000;w=300'), (b'cross-origin-opener-policy', b'same-origin'), (b'Referrer-Policy', b'strict-origin-when-cross-origin'), (b'Access-Control-Max-Age', b'86400'), (b'Access-Control-Allow-Origin', b'https://huggingface.co'), (b'Access-Control-Expose-Headers', b'X-Repo-Commit,X-Request-Id,X-Error-Code,X-Error-Message,X-Total-Count,ETag,Link,Accept-Ranges,Content-Range,X-Linked-Size,X-Linked-ETag,X-Xet-Hash'), (b'X-Repo-Commit', b'5c38ec7c405ec4b44b94cc5a9bb96e735b38267a'), (b'Accept-Ranges', b'bytes'), (b'X-Hub-Cache', b'MISS'), (b'Content-Disposition', b'inline; filename*=UTF-8\'\'modules.json; filename="modules.json";'), (b'Content-Security-Policy', b"default-src 'none'; sandbox"), (b'Vary', b'Origin'), (b'X-Cache', b'Hit from cloudfront'), (b'Via', b'1.1 d3f943c585dbc140703b80fb53f9b362.cloudfront.net (CloudFront)'), (b'X-Amz-Cf-Pop', b'HYD57-P7'), (b'X-Amz-Cf-Id', b'UomAj2_nH94INdKwVNgh4CIh7Mk5Iyb3DVVypnujN9aus2XT3OR2CA=='), (b'Age', b'617615')])
11:12:41 receive_response_body.started request=<Request [b'HEAD']>
11:12:41 receive_response_body.complete
11:12:41 response_closed.started
11:12:41 response_closed.complete
11:12:41 send_request_headers.started request=<Request [b'HEAD']>
11:12:41 send_request_headers.complete
11:12:41 send_request_body.started request=<Request [b'HEAD']>
11:12:41 send_request_body.complete
11:12:41 receive_response_headers.started request=<Request [b'HEAD']>
11:12:42 receive_response_headers.complete return_value=(b'HTTP/1.1', 307, b'Temporary Redirect', [(b'Content-Type', b'text/plain; charset=utf-8'), (b'Content-Length', b'276'), (b'Connection', b'keep-alive'), (b'Date', b'Mon, 25 May 2026 05:49:25 GMT'), (b'Location', b'/api/resolve-cache/models/BAAI/bge-small-en-v1.5/5c38ec7c405ec4b44b94cc5a9bb96e735b38267a/sentence_bert_config.json?%2FBAAI%2Fbge-small-en-v1.5%2Fresolve%2Fmain%2Fsentence_bert_config.json=&etag=%22ea85692bff64b0d1917833c31ddbca8ab10f5455%22'), (b'X-Powered-By', b'huggingface-moon'), (b'X-Request-Id', b'Root=1-6a13e2e5-0c5ae96760560e7974129185;551e7ee6-149b-49f2-aa2c-16d58e1f7e23'), (b'RateLimit', b'"resolvers";r=4967;t=141'), (b'RateLimit-Policy', b'"fixed window";"resolvers";q=5000;w=300'), (b'cross-origin-opener-policy', b'same-origin'), (b'Referrer-Policy', b'strict-origin-when-cross-origin'), (b'Access-Control-Max-Age', b'86400'), (b'Access-Control-Allow-Origin', b'https://huggingface.co'), (b'Vary', b'Origin, Accept'), (b'Access-Control-Expose-Headers', b'X-Repo-Commit,X-Request-Id,X-Error-Code,X-Error-Message,X-Total-Count,ETag,Link,Accept-Ranges,Content-Range,X-Linked-Size,X-Linked-ETag,X-Xet-Hash'), (b'X-Repo-Commit', b'5c38ec7c405ec4b44b94cc5a9bb96e735b38267a'), (b'Accept-Ranges', b'bytes'), (b'X-Hub-Cache', b'HIT'), (b'Content-Disposition', b'inline; filename*=UTF-8\'\'sentence_bert_config.json; filename="sentence_bert_config.json";'), (b'Content-Security-Policy', b"default-src 'none'; sandbox"), (b'X-Linked-ETag', b'"ea85692bff64b0d1917833c31ddbca8ab10f5455"'), (b'X-Cache', b'Miss from cloudfront'), (b'Via', b'1.1 d3f943c585dbc140703b80fb53f9b362.cloudfront.net (CloudFront)'), (b'X-Amz-Cf-Pop', b'HYD57-P7'), (b'X-Amz-Cf-Id', b'xZvylj6tWznEqNMhbZarl1urOmT7wJN1-MVyePt0yG85ozFA58ZHAQ==')])
11:12:42 receive_response_body.started request=<Request [b'HEAD']>
11:12:42 receive_response_body.complete
11:12:42 response_closed.started
11:12:42 response_closed.complete
11:12:42 send_request_headers.started request=<Request [b'HEAD']>
11:12:42 send_request_headers.complete
11:12:42 send_request_body.started request=<Request [b'HEAD']>
11:12:42 send_request_body.complete
11:12:42 receive_response_headers.started request=<Request [b'HEAD']>
11:12:42 receive_response_headers.complete return_value=(b'HTTP/1.1', 200, b'OK', [(b'Content-Type', b'text/plain; charset=utf-8'), (b'Content-Length', b'52'), (b'Connection', b'keep-alive'), (b'Date', b'Mon, 18 May 2026 02:15:53 GMT'), (b'ETag', b'"ea85692bff64b0d1917833c31ddbca8ab10f5455"'), (b'X-Powered-By', b'huggingface-moon'), (b'X-Request-Id', b'Root=1-6a0a7659-522f2feb2bb682b81ce5cd00;ca8de1e1-49d4-4d61-9715-7ef404de9672'), (b'RateLimit', b'"resolvers";r=4990;t=53'), (b'RateLimit-Policy', b'"fixed window";"resolvers";q=5000;w=300'), (b'cross-origin-opener-policy', b'same-origin'), (b'Referrer-Policy', b'strict-origin-when-cross-origin'), (b'Access-Control-Max-Age', b'86400'), (b'Access-Control-Allow-Origin', b'https://huggingface.co'), (b'Access-Control-Expose-Headers', b'X-Repo-Commit,X-Request-Id,X-Error-Code,X-Error-Message,X-Total-Count,ETag,Link,Accept-Ranges,Content-Range,X-Linked-Size,X-Linked-ETag,X-Xet-Hash'), (b'X-Repo-Commit', b'5c38ec7c405ec4b44b94cc5a9bb96e735b38267a'), (b'Accept-Ranges', b'bytes'), (b'X-Hub-Cache', b'MISS'), (b'Content-Disposition', b'inline; filename*=UTF-8\'\'sentence_bert_config.json; filename="sentence_bert_config.json";'), (b'Content-Security-Policy', b"default-src 'none'; sandbox"), (b'Vary', b'Origin'), (b'X-Cache', b'Hit from cloudfront'), (b'Via', b'1.1 d3f943c585dbc140703b80fb53f9b362.cloudfront.net (CloudFront)'), (b'X-Amz-Cf-Pop', b'HYD57-P7'), (b'X-Amz-Cf-Id', b'nVf4YPC5FIPYp0uccWTVMcuYfmWx8ayncYh4QKv8PeLqsho1MgUQJQ=='), (b'Age', b'617613')])
11:12:42 receive_response_body.started request=<Request [b'HEAD']>
11:12:42 receive_response_body.complete
11:12:42 response_closed.started
11:12:42 response_closed.complete
11:12:42 send_request_headers.started request=<Request [b'HEAD']>
11:12:42 send_request_headers.complete
11:12:42 send_request_body.started request=<Request [b'HEAD']>
11:12:42 send_request_body.complete
11:12:42 receive_response_headers.started request=<Request [b'HEAD']>
11:12:42 receive_response_headers.complete return_value=(b'HTTP/1.1', 404, b'Not Found', [(b'Content-Type', b'text/plain; charset=utf-8'), (b'Content-Length', b'15'), (b'Connection', b'keep-alive'), (b'Date', b'Mon, 25 May 2026 05:49:26 GMT'), (b'ETag', b'W/"f-mY2VvLxuxB7KhsoOdQTlMTccuAQ"'), (b'X-Powered-By', b'huggingface-moon'), (b'X-Request-Id', b'Root=1-6a13e2e6-7ed1cd4e0de21f593a8c490e;bcf3ef6d-dc22-4843-a662-e61c7973aaee'), (b'RateLimit', b'"resolvers";r=4965;t=140'), (b'RateLimit-Policy', b'"fixed window";"resolvers";q=5000;w=300'), (b'cross-origin-opener-policy', b'same-origin'), (b'Referrer-Policy', b'strict-origin-when-cross-origin'), (b'Access-Control-Max-Age', b'86400'), (b'Access-Control-Allow-Origin', b'https://huggingface.co'), (b'Vary', b'Origin'), (b'Access-Control-Expose-Headers', b'X-Repo-Commit,X-Request-Id,X-Error-Code,X-Error-Message,X-Total-Count,ETag,Link,Accept-Ranges,Content-Range,X-Linked-Size,X-Linked-ETag,X-Xet-Hash'), (b'X-Repo-Commit', b'5c38ec7c405ec4b44b94cc5a9bb96e735b38267a'), (b'Accept-Ranges', b'bytes'), (b'X-Hub-Cache', b'MISS'), (b'X-Error-Code', b'EntryNotFound'), (b'X-Error-Message', b'Entry not found'), (b'X-Cache', b'Error from cloudfront'), (b'Via', b'1.1 d3f943c585dbc140703b80fb53f9b362.cloudfront.net (CloudFront)'), (b'X-Amz-Cf-Pop', b'HYD57-P7'), (b'X-Amz-Cf-Id', b'SohAlUA_uSOiu3m-Y2sCAudZxhQbOYXWbn3rb0D39cYX5tu6VOngJA==')])
11:12:42 receive_response_body.started request=<Request [b'HEAD']>
11:12:42 receive_response_body.complete
11:12:42 response_closed.started
11:12:42 response_closed.complete
11:12:42 send_request_headers.started request=<Request [b'HEAD']>
11:12:42 send_request_headers.complete
11:12:42 send_request_body.started request=<Request [b'HEAD']>
11:12:42 send_request_body.complete
11:12:42 receive_response_headers.started request=<Request [b'HEAD']>
11:12:42 receive_response_headers.complete return_value=(b'HTTP/1.1', 307, b'Temporary Redirect', [(b'Content-Type', b'text/plain; charset=utf-8'), (b'Content-Length', b'248'), (b'Connection', b'keep-alive'), (b'Date', b'Mon, 25 May 2026 05:49:26 GMT'), (b'Location', b'/api/resolve-cache/models/BAAI/bge-small-en-v1.5/5c38ec7c405ec4b44b94cc5a9bb96e735b38267a/config.json?%2FBAAI%2Fbge-small-en-v1.5%2Fresolve%2Fmain%2Fconfig.json=&etag=%223992bf890728a92476c700e6e657fd696eb94160%22'), (b'X-Powered-By', b'huggingface-moon'), (b'X-Request-Id', b'Root=1-6a13e2e6-4c1fb2a01cacbea3658c7479;4b579406-b38c-4c53-95ef-f84130f51968'), (b'RateLimit', b'"resolvers";r=4962;t=140'), (b'RateLimit-Policy', b'"fixed window";"resolvers";q=5000;w=300'), (b'cross-origin-opener-policy', b'same-origin'), (b'Referrer-Policy', b'strict-origin-when-cross-origin'), (b'Access-Control-Max-Age', b'86400'), (b'Access-Control-Allow-Origin', b'https://huggingface.co'), (b'Vary', b'Origin, Accept'), (b'Access-Control-Expose-Headers', b'X-Repo-Commit,X-Request-Id,X-Error-Code,X-Error-Message,X-Total-Count,ETag,Link,Accept-Ranges,Content-Range,X-Linked-Size,X-Linked-ETag,X-Xet-Hash'), (b'X-Repo-Commit', b'5c38ec7c405ec4b44b94cc5a9bb96e735b38267a'), (b'Accept-Ranges', b'bytes'), (b'X-Hub-Cache', b'HIT'), (b'Content-Disposition', b'inline; filename*=UTF-8\'\'config.json; filename="config.json";'), (b'Content-Security-Policy', b"default-src 'none'; sandbox"), (b'X-Linked-ETag', b'"3992bf890728a92476c700e6e657fd696eb94160"'), (b'X-Cache', b'Miss from cloudfront'), (b'Via', b'1.1 d3f943c585dbc140703b80fb53f9b362.cloudfront.net (CloudFront)'), (b'X-Amz-Cf-Pop', b'HYD57-P7'), (b'X-Amz-Cf-Id', b'XTA_-xLOiN5mC8m7NlhKPwFfgKl4paK962uvX4I5G88o5uVnsq_nUQ==')])
11:12:42 receive_response_body.started request=<Request [b'HEAD']>
11:12:42 receive_response_body.complete
11:12:42 response_closed.started
11:12:42 response_closed.complete
11:12:42 send_request_headers.started request=<Request [b'HEAD']>
11:12:42 send_request_headers.complete
11:12:42 send_request_body.started request=<Request [b'HEAD']>
11:12:42 send_request_body.complete
11:12:42 receive_response_headers.started request=<Request [b'HEAD']>
11:12:42 receive_response_headers.complete return_value=(b'HTTP/1.1', 200, b'OK', [(b'Content-Type', b'text/plain; charset=utf-8'), (b'Content-Length', b'743'), (b'Connection', b'keep-alive'), (b'Date', b'Mon, 18 May 2026 02:15:54 GMT'), (b'ETag', b'"3992bf890728a92476c700e6e657fd696eb94160"'), (b'X-Powered-By', b'huggingface-moon'), (b'X-Request-Id', b'Root=1-6a0a765a-159c00295e84bfd775d7dd68;415487f4-7e61-42d3-a82d-7039d38f6731'), (b'RateLimit', b'"resolvers";r=4987;t=52'), (b'RateLimit-Policy', b'"fixed window";"resolvers";q=5000;w=300'), (b'cross-origin-opener-policy', b'same-origin'), (b'Referrer-Policy', b'strict-origin-when-cross-origin'), (b'Access-Control-Max-Age', b'86400'), (b'Access-Control-Allow-Origin', b'https://huggingface.co'), (b'Access-Control-Expose-Headers', b'X-Repo-Commit,X-Request-Id,X-Error-Code,X-Error-Message,X-Total-Count,ETag,Link,Accept-Ranges,Content-Range,X-Linked-Size,X-Linked-ETag,X-Xet-Hash'), (b'X-Repo-Commit', b'5c38ec7c405ec4b44b94cc5a9bb96e735b38267a'), (b'Accept-Ranges', b'bytes'), (b'X-Hub-Cache', b'MISS'), (b'Content-Disposition', b'inline; filename*=UTF-8\'\'config.json; filename="config.json";'), (b'Content-Security-Policy', b"default-src 'none'; sandbox"), (b'Vary', b'Origin'), (b'X-Cache', b'Hit from cloudfront'), (b'Via', b'1.1 d3f943c585dbc140703b80fb53f9b362.cloudfront.net (CloudFront)'), (b'X-Amz-Cf-Pop', b'HYD57-P7'), (b'X-Amz-Cf-Id', b'_LFZV7HJoAZYmPjEy8_faW9WT6hTyMLpf7YpYompCDVV93MRD38Ifw=='), (b'Age', b'617612')])
11:12:42 receive_response_body.started request=<Request [b'HEAD']>
11:12:42 receive_response_body.complete
11:12:42 response_closed.started
11:12:42 response_closed.complete
11:12:43 send_request_headers.started request=<Request [b'HEAD']>
11:12:43 send_request_headers.complete
11:12:43 send_request_body.started request=<Request [b'HEAD']>
11:12:43 send_request_body.complete
11:12:43 receive_response_headers.started request=<Request [b'HEAD']>
11:12:43 receive_response_headers.complete return_value=(b'HTTP/1.1', 307, b'Temporary Redirect', [(b'Content-Type', b'text/plain; charset=utf-8'), (b'Content-Length', b'248'), (b'Connection', b'keep-alive'), (b'Date', b'Mon, 25 May 2026 05:49:27 GMT'), (b'Location', b'/api/resolve-cache/models/BAAI/bge-small-en-v1.5/5c38ec7c405ec4b44b94cc5a9bb96e735b38267a/config.json?%2FBAAI%2Fbge-small-en-v1.5%2Fresolve%2Fmain%2Fconfig.json=&etag=%223992bf890728a92476c700e6e657fd696eb94160%22'), (b'X-Powered-By', b'huggingface-moon'), (b'X-Request-Id', b'Root=1-6a13e2e7-1d7e830848ec3a635ec8a0d1;0f60b8bc-52a5-47fc-bec7-88150db923f2'), (b'RateLimit', b'"resolvers";r=4960;t=139'), (b'RateLimit-Policy', b'"fixed window";"resolvers";q=5000;w=300'), (b'cross-origin-opener-policy', b'same-origin'), (b'Referrer-Policy', b'strict-origin-when-cross-origin'), (b'Access-Control-Max-Age', b'86400'), (b'Access-Control-Allow-Origin', b'https://huggingface.co'), (b'Vary', b'Origin, Accept'), (b'Access-Control-Expose-Headers', b'X-Repo-Commit,X-Request-Id,X-Error-Code,X-Error-Message,X-Total-Count,ETag,Link,Accept-Ranges,Content-Range,X-Linked-Size,X-Linked-ETag,X-Xet-Hash'), (b'X-Repo-Commit', b'5c38ec7c405ec4b44b94cc5a9bb96e735b38267a'), (b'Accept-Ranges', b'bytes'), (b'X-Hub-Cache', b'HIT'), (b'Content-Disposition', b'inline; filename*=UTF-8\'\'config.json; filename="config.json";'), (b'Content-Security-Policy', b"default-src 'none'; sandbox"), (b'X-Linked-ETag', b'"3992bf890728a92476c700e6e657fd696eb94160"'), (b'X-Cache', b'Miss from cloudfront'), (b'Via', b'1.1 d3f943c585dbc140703b80fb53f9b362.cloudfront.net (CloudFront)'), (b'X-Amz-Cf-Pop', b'HYD57-P7'), (b'X-Amz-Cf-Id', b'xpMUzwtitV7f3dbbDXQ-g0NOFjGeJ7C2tM4H815TzGw6mmq_uqenog==')])
11:12:43 receive_response_body.started request=<Request [b'HEAD']>
11:12:43 receive_response_body.complete
11:12:43 response_closed.started
11:12:43 response_closed.complete
11:12:43 send_request_headers.started request=<Request [b'HEAD']>
11:12:43 send_request_headers.complete
11:12:43 send_request_body.started request=<Request [b'HEAD']>
11:12:43 send_request_body.complete
11:12:43 receive_response_headers.started request=<Request [b'HEAD']>
11:12:43 receive_response_headers.complete return_value=(b'HTTP/1.1', 200, b'OK', [(b'Content-Type', b'text/plain; charset=utf-8'), (b'Content-Length', b'743'), (b'Connection', b'keep-alive'), (b'Date', b'Mon, 18 May 2026 02:15:54 GMT'), (b'ETag', b'"3992bf890728a92476c700e6e657fd696eb94160"'), (b'X-Powered-By', b'huggingface-moon'), (b'X-Request-Id', b'Root=1-6a0a765a-159c00295e84bfd775d7dd68;415487f4-7e61-42d3-a82d-7039d38f6731'), (b'RateLimit', b'"resolvers";r=4987;t=52'), (b'RateLimit-Policy', b'"fixed window";"resolvers";q=5000;w=300'), (b'cross-origin-opener-policy', b'same-origin'), (b'Referrer-Policy', b'strict-origin-when-cross-origin'), (b'Access-Control-Max-Age', b'86400'), (b'Access-Control-Allow-Origin', b'https://huggingface.co'), (b'Access-Control-Expose-Headers', b'X-Repo-Commit,X-Request-Id,X-Error-Code,X-Error-Message,X-Total-Count,ETag,Link,Accept-Ranges,Content-Range,X-Linked-Size,X-Linked-ETag,X-Xet-Hash'), (b'X-Repo-Commit', b'5c38ec7c405ec4b44b94cc5a9bb96e735b38267a'), (b'Accept-Ranges', b'bytes'), (b'X-Hub-Cache', b'MISS'), (b'Content-Disposition', b'inline; filename*=UTF-8\'\'config.json; filename="config.json";'), (b'Content-Security-Policy', b"default-src 'none'; sandbox"), (b'Vary', b'Origin'), (b'X-Cache', b'Hit from cloudfront'), (b'Via', b'1.1 d3f943c585dbc140703b80fb53f9b362.cloudfront.net (CloudFront)'), (b'X-Amz-Cf-Pop', b'HYD57-P7'), (b'X-Amz-Cf-Id', b'6ko31ni1Mp2Ot2xFxwqT91zc4DG1TIhUuWlDLt2n-APYYfxc-wBu4A=='), (b'Age', b'617613')])
11:12:43 receive_response_body.started request=<Request [b'HEAD']>
11:12:43 receive_response_body.complete
11:12:43 response_closed.started
11:12:43 response_closed.complete
11:12:43 send_request_headers.started request=<Request [b'HEAD']>
11:12:43 send_request_headers.complete
11:12:43 send_request_body.started request=<Request [b'HEAD']>
11:12:43 send_request_body.complete
11:12:43 receive_response_headers.started request=<Request [b'HEAD']>
11:12:43 receive_response_headers.complete return_value=(b'HTTP/1.1', 307, b'Temporary Redirect', [(b'Content-Type', b'text/plain; charset=utf-8'), (b'Content-Length', b'268'), (b'Connection', b'keep-alive'), (b'Date', b'Mon, 25 May 2026 05:49:27 GMT'), (b'Location', b'/api/resolve-cache/models/BAAI/bge-small-en-v1.5/5c38ec7c405ec4b44b94cc5a9bb96e735b38267a/tokenizer_config.json?%2FBAAI%2Fbge-small-en-v1.5%2Fresolve%2Fmain%2Ftokenizer_config.json=&etag=%2237fca74771bc76a8e01178ce3a6055a0995f8093%22'), (b'X-Powered-By', b'huggingface-moon'), (b'X-Request-Id', b'Root=1-6a13e2e7-6dd4d6de17f9884f6066f987;12f3c66e-a2af-4f83-983d-794929bab63d'), (b'RateLimit', b'"resolvers";r=4959;t=139'), (b'RateLimit-Policy', b'"fixed window";"resolvers";q=5000;w=300'), (b'cross-origin-opener-policy', b'same-origin'), (b'Referrer-Policy', b'strict-origin-when-cross-origin'), (b'Access-Control-Max-Age', b'86400'), (b'Access-Control-Allow-Origin', b'https://huggingface.co'), (b'Vary', b'Origin, Accept'), (b'Access-Control-Expose-Headers', b'X-Repo-Commit,X-Request-Id,X-Error-Code,X-Error-Message,X-Total-Count,ETag,Link,Accept-Ranges,Content-Range,X-Linked-Size,X-Linked-ETag,X-Xet-Hash'), (b'X-Repo-Commit', b'5c38ec7c405ec4b44b94cc5a9bb96e735b38267a'), (b'Accept-Ranges', b'bytes'), (b'X-Hub-Cache', b'HIT'), (b'Content-Disposition', b'inline; filename*=UTF-8\'\'tokenizer_config.json; filename="tokenizer_config.json";'), (b'Content-Security-Policy', b"default-src 'none'; sandbox"), (b'X-Linked-ETag', b'"37fca74771bc76a8e01178ce3a6055a0995f8093"'), (b'X-Cache', b'Miss from cloudfront'), (b'Via', b'1.1 d3f943c585dbc140703b80fb53f9b362.cloudfront.net (CloudFront)'), (b'X-Amz-Cf-Pop', b'HYD57-P7'), (b'X-Amz-Cf-Id', b'-6a4MMzuRAn-jxPTptsaElwZrwzgioEfRpXk2bvD093T9QH_USIQyw==')])
11:12:43 receive_response_body.started request=<Request [b'HEAD']>
11:12:43 receive_response_body.complete
11:12:43 response_closed.started
11:12:43 response_closed.complete
11:12:43 send_request_headers.started request=<Request [b'HEAD']>
11:12:43 send_request_headers.complete
11:12:43 send_request_body.started request=<Request [b'HEAD']>
11:12:43 send_request_body.complete
11:12:43 receive_response_headers.started request=<Request [b'HEAD']>
11:12:43 receive_response_headers.complete return_value=(b'HTTP/1.1', 200, b'OK', [(b'Content-Type', b'text/plain; charset=utf-8'), (b'Content-Length', b'366'), (b'Connection', b'keep-alive'), (b'Date', b'Mon, 18 May 2026 02:15:56 GMT'), (b'ETag', b'"37fca74771bc76a8e01178ce3a6055a0995f8093"'), (b'X-Powered-By', b'huggingface-moon'), (b'X-Request-Id', b'Root=1-6a0a765c-37288ff6791ad43351b5ac00;5b1a1125-895f-420e-8bd4-867bdc7b9a45'), (b'RateLimit', b'"resolvers";r=4984;t=50'), (b'RateLimit-Policy', b'"fixed window";"resolvers";q=5000;w=300'), (b'cross-origin-opener-policy', b'same-origin'), (b'Referrer-Policy', b'strict-origin-when-cross-origin'), (b'Access-Control-Max-Age', b'86400'), (b'Access-Control-Allow-Origin', b'https://huggingface.co'), (b'Access-Control-Expose-Headers', b'X-Repo-Commit,X-Request-Id,X-Error-Code,X-Error-Message,X-Total-Count,ETag,Link,Accept-Ranges,Content-Range,X-Linked-Size,X-Linked-ETag,X-Xet-Hash'), (b'X-Repo-Commit', b'5c38ec7c405ec4b44b94cc5a9bb96e735b38267a'), (b'Accept-Ranges', b'bytes'), (b'X-Hub-Cache', b'MISS'), (b'Content-Disposition', b'inline; filename*=UTF-8\'\'tokenizer_config.json; filename="tokenizer_config.json";'), (b'Content-Security-Policy', b"default-src 'none'; sandbox"), (b'Vary', b'Origin'), (b'X-Cache', b'Hit from cloudfront'), (b'Via', b'1.1 d3f943c585dbc140703b80fb53f9b362.cloudfront.net (CloudFront)'), (b'X-Amz-Cf-Pop', b'HYD57-P7'), (b'X-Amz-Cf-Id', b'tWAm-_J_Fzno7Iu0l06YmmwQuyR163QI0lBuIOuBtYT1LHbT2wobgQ=='), (b'Age', b'617611')])
11:12:43 receive_response_body.started request=<Request [b'HEAD']>
11:12:43 receive_response_body.complete
11:12:43 response_closed.started
11:12:43 response_closed.complete
11:12:43 send_request_headers.started request=<Request [b'GET']>
11:12:43 send_request_headers.complete
11:12:43 send_request_body.started request=<Request [b'GET']>
11:12:43 send_request_body.complete
11:12:43 receive_response_headers.started request=<Request [b'GET']>
11:12:44 receive_response_headers.complete return_value=(b'HTTP/1.1', 404, b'Not Found', [(b'Content-Type', b'application/json; charset=utf-8'), (b'Content-Length', b'64'), (b'Connection', b'keep-alive'), (b'Date', b'Mon, 25 May 2026 05:49:27 GMT'), (b'ETag', b'W/"40-09f9IAqP13xarAhQxFS2W8rvRkM"'), (b'X-Powered-By', b'huggingface-moon'), (b'X-Request-Id', b'Root=1-6a13e2e7-13fc08d6561d02bf3d2617b6;9650a345-67e9-4e16-a61e-b191da74e692'), (b'RateLimit', b'"api";r=993;t=139'), (b'RateLimit-Policy', b'"fixed window";"api";q=1000;w=300'), (b'cross-origin-opener-policy', b'same-origin'), (b'Referrer-Policy', b'strict-origin-when-cross-origin'), (b'Access-Control-Max-Age', b'86400'), (b'Access-Control-Allow-Origin', b'https://huggingface.co'), (b'Vary', b'Origin'), (b'Access-Control-Expose-Headers', b'X-Repo-Commit,X-Request-Id,X-Error-Code,X-Error-Message,X-Total-Count,ETag,Link,Accept-Ranges,Content-Range,X-Linked-Size,X-Linked-ETag,X-Xet-Hash'), (b'X-Error-Code', b'EntryNotFound'), (b'X-Error-Message', b'additional_chat_templates does not exist on "main"'), (b'X-Cache', b'Error from cloudfront'), (b'Via', b'1.1 d3f943c585dbc140703b80fb53f9b362.cloudfront.net (CloudFront)'), (b'X-Amz-Cf-Pop', b'HYD57-P7'), (b'X-Amz-Cf-Id', b'4aAfwoQC9dzKawDqrg2p6n7oMW422-U0coBmEUc4dA9g7w1gzxabxw==')])
11:12:44 receive_response_body.started request=<Request [b'GET']>
11:12:44 receive_response_body.complete
11:12:44 response_closed.started
11:12:44 response_closed.complete
11:12:44 send_request_headers.started request=<Request [b'GET']>
11:12:44 send_request_headers.complete
11:12:44 send_request_body.started request=<Request [b'GET']>
11:12:44 send_request_body.complete
11:12:44 receive_response_headers.started request=<Request [b'GET']>
11:12:44 receive_response_headers.complete return_value=(b'HTTP/1.1', 200, b'OK', [(b'Content-Type', b'application/json; charset=utf-8'), (b'Transfer-Encoding', b'chunked'), (b'Connection', b'keep-alive'), (b'Date', b'Mon, 25 May 2026 05:49:28 GMT'), (b'content-encoding', b'gzip'), (b'ETag', b'W/"8c2-+B357tswuSDPZQJ4PcEV7JZlfTw"'), (b'X-Powered-By', b'huggingface-moon'), (b'X-Request-Id', b'Root=1-6a13e2e8-479c388f3689b29758c47774;72153db7-2e14-4581-9b50-88b6b4360359'), (b'RateLimit', b'"api";r=992;t=138'), (b'RateLimit-Policy', b'"fixed window";"api";q=1000;w=300'), (b'cross-origin-opener-policy', b'same-origin'), (b'Referrer-Policy', b'strict-origin-when-cross-origin'), (b'Access-Control-Max-Age', b'86400'), (b'Access-Control-Allow-Origin', b'https://huggingface.co'), (b'Vary', b'Origin'), (b'vary', b'Accept-Encoding'), (b'Access-Control-Expose-Headers', b'X-Repo-Commit,X-Request-Id,X-Error-Code,X-Error-Message,X-Total-Count,ETag,Link,Accept-Ranges,Content-Range,X-Linked-Size,X-Linked-ETag,X-Xet-Hash'), (b'X-Cache', b'Miss from cloudfront'), (b'Via', b'1.1 d3f943c585dbc140703b80fb53f9b362.cloudfront.net (CloudFront)'), (b'X-Amz-Cf-Pop', b'HYD57-P7'), (b'X-Amz-Cf-Id', b'U6EUtfsboKW1uaxshKbbWNyTyHJSrPrNzLo4QKfFcA6zip0sInQb-Q==')])
11:12:44 receive_response_body.started request=<Request [b'GET']>
11:12:44 receive_response_body.complete
11:12:44 response_closed.started
11:12:44 response_closed.complete
11:12:44 send_request_headers.started request=<Request [b'HEAD']>
11:12:44 send_request_headers.complete
11:12:44 send_request_body.started request=<Request [b'HEAD']>
11:12:44 send_request_body.complete
11:12:44 receive_response_headers.started request=<Request [b'HEAD']>
11:12:44 receive_response_headers.complete return_value=(b'HTTP/1.1', 307, b'Temporary Redirect', [(b'Content-Type', b'text/plain; charset=utf-8'), (b'Content-Length', b'272'), (b'Connection', b'keep-alive'), (b'Date', b'Mon, 25 May 2026 05:49:28 GMT'), (b'Location', b'/api/resolve-cache/models/BAAI/bge-small-en-v1.5/5c38ec7c405ec4b44b94cc5a9bb96e735b38267a/1_Pooling%2Fconfig.json?%2FBAAI%2Fbge-small-en-v1.5%2Fresolve%2Fmain%2F1_Pooling%2Fconfig.json=&etag=%221da070f0993788c8851a652170ff013aa54dd519%22'), (b'X-Powered-By', b'huggingface-moon'), (b'X-Request-Id', b'Root=1-6a13e2e8-00b8ce0e39ef38e262916ad9;31ec814c-5ff8-44fa-b8b8-0b395363a201'), (b'RateLimit', b'"resolvers";r=4957;t=138'), (b'RateLimit-Policy', b'"fixed window";"resolvers";q=5000;w=300'), (b'cross-origin-opener-policy', b'same-origin'), (b'Referrer-Policy', b'strict-origin-when-cross-origin'), (b'Access-Control-Max-Age', b'86400'), (b'Access-Control-Allow-Origin', b'https://huggingface.co'), (b'Vary', b'Origin, Accept'), (b'Access-Control-Expose-Headers', b'X-Repo-Commit,X-Request-Id,X-Error-Code,X-Error-Message,X-Total-Count,ETag,Link,Accept-Ranges,Content-Range,X-Linked-Size,X-Linked-ETag,X-Xet-Hash'), (b'X-Repo-Commit', b'5c38ec7c405ec4b44b94cc5a9bb96e735b38267a'), (b'Accept-Ranges', b'bytes'), (b'X-Hub-Cache', b'HIT'), (b'Content-Disposition', b'inline; filename*=UTF-8\'\'config.json; filename="config.json";'), (b'Content-Security-Policy', b"default-src 'none'; sandbox"), (b'X-Linked-ETag', b'"1da070f0993788c8851a652170ff013aa54dd519"'), (b'X-Cache', b'Miss from cloudfront'), (b'Via', b'1.1 d3f943c585dbc140703b80fb53f9b362.cloudfront.net (CloudFront)'), (b'X-Amz-Cf-Pop', b'HYD57-P7'), (b'X-Amz-Cf-Id', b'MUuWui_44ADnczr_iLdqU2FpSD0M9SdrLPyUmMpcXGkCAtNDD0QbIA==')])
11:12:44 receive_response_body.started request=<Request [b'HEAD']>
11:12:44 receive_response_body.complete
11:12:44 response_closed.started
11:12:44 response_closed.complete
11:12:44 send_request_headers.started request=<Request [b'HEAD']>
11:12:44 send_request_headers.complete
11:12:44 send_request_body.started request=<Request [b'HEAD']>
11:12:44 send_request_body.complete
11:12:44 receive_response_headers.started request=<Request [b'HEAD']>
11:12:44 receive_response_headers.complete return_value=(b'HTTP/1.1', 200, b'OK', [(b'Content-Type', b'text/plain; charset=utf-8'), (b'Content-Length', b'190'), (b'Connection', b'keep-alive'), (b'Date', b'Mon, 18 May 2026 02:15:58 GMT'), (b'ETag', b'"1da070f0993788c8851a652170ff013aa54dd519"'), (b'X-Powered-By', b'huggingface-moon'), (b'X-Request-Id', b'Root=1-6a0a765e-734c3bee14c8294d09f03382;4665a7e3-9092-4bda-af18-c540be26ee11'), (b'RateLimit', b'"resolvers";r=4982;t=48'), (b'RateLimit-Policy', b'"fixed window";"resolvers";q=5000;w=300'), (b'cross-origin-opener-policy', b'same-origin'), (b'Referrer-Policy', b'strict-origin-when-cross-origin'), (b'Access-Control-Max-Age', b'86400'), (b'Access-Control-Allow-Origin', b'https://huggingface.co'), (b'Access-Control-Expose-Headers', b'X-Repo-Commit,X-Request-Id,X-Error-Code,X-Error-Message,X-Total-Count,ETag,Link,Accept-Ranges,Content-Range,X-Linked-Size,X-Linked-ETag,X-Xet-Hash'), (b'X-Repo-Commit', b'5c38ec7c405ec4b44b94cc5a9bb96e735b38267a'), (b'Accept-Ranges', b'bytes'), (b'X-Hub-Cache', b'MISS'), (b'Content-Disposition', b'inline; filename*=UTF-8\'\'config.json; filename="config.json";'), (b'Content-Security-Policy', b"default-src 'none'; sandbox"), (b'Vary', b'Origin'), (b'X-Cache', b'Hit from cloudfront'), (b'Via', b'1.1 d3f943c585dbc140703b80fb53f9b362.cloudfront.net (CloudFront)'), (b'X-Amz-Cf-Pop', b'HYD57-P7'), (b'X-Amz-Cf-Id', b'KjP-K6w3jw5Zx8EiBUqzIzIeMY7KzcL61hTsTRdZRJB9SxT_ZHZ7ww=='), (b'Age', b'617610')])
11:12:44 receive_response_body.started request=<Request [b'HEAD']>
11:12:44 receive_response_body.complete
11:12:44 response_closed.started
11:12:44 response_closed.complete
11:12:44 send_request_headers.started request=<Request [b'GET']>
11:12:44 send_request_headers.complete
11:12:44 send_request_body.started request=<Request [b'GET']>
11:12:44 send_request_body.complete
11:12:44 receive_response_headers.started request=<Request [b'GET']>
11:12:45 receive_response_headers.complete return_value=(b'HTTP/1.1', 200, b'OK', [(b'Content-Type', b'application/json; charset=utf-8'), (b'Transfer-Encoding', b'chunked'), (b'Connection', b'keep-alive'), (b'Date', b'Mon, 25 May 2026 05:49:28 GMT'), (b'content-encoding', b'gzip'), (b'ETag', b'W/"24657-zpjRfxH0g6VnnBVN2atbirZU6Oc"'), (b'X-Powered-By', b'huggingface-moon'), (b'X-Request-Id', b'Root=1-6a13e2e8-6a2c91ea2030d97f5bb52670;252af2de-cb51-4124-bb05-12dbed5b1cf0'), (b'RateLimit', b'"api";r=990;t=138'), (b'RateLimit-Policy', b'"fixed window";"api";q=1000;w=300'), (b'cross-origin-opener-policy', b'same-origin'), (b'Referrer-Policy', b'strict-origin-when-cross-origin'), (b'Access-Control-Max-Age', b'86400'), (b'Access-Control-Allow-Origin', b'https://huggingface.co'), (b'Vary', b'Origin'), (b'vary', b'Accept-Encoding'), (b'Access-Control-Expose-Headers', b'X-Repo-Commit,X-Request-Id,X-Error-Code,X-Error-Message,X-Total-Count,ETag,Link,Accept-Ranges,Content-Range,X-Linked-Size,X-Linked-ETag,X-Xet-Hash'), (b'X-Cache', b'Miss from cloudfront'), (b'Via', b'1.1 d3f943c585dbc140703b80fb53f9b362.cloudfront.net (CloudFront)'), (b'X-Amz-Cf-Pop', b'HYD57-P7'), (b'X-Amz-Cf-Id', b'E8yXmse5CCp-CVJt1hy4Hf-NeAXD7kLmGueAO3HjreppOac9-eo-zQ==')])
11:12:45 receive_response_body.started request=<Request [b'GET']>
11:12:45 receive_response_body.complete
11:12:45 response_closed.started
11:12:45 response_closed.complete
11:12:45 Encoder model loaded in 4.91s
11:12:45 KGBuilder pipeline initialized
11:12:45 ── Batch 6000-6200 ──
11:12:45 JsonLoader: 200 documents, 0 sentences, 0 triples from model_training\dataset_cnn\cnn_dailymail_train.json in 0.09s
11:12:45   Documents: 200
11:12:47 spaCy model 'en_core_web_sm' loaded
11:19:23 EntityRegistry saved: 32140 canonicals -> D:\Machine Learning\project_genesis\GLM_X\glm_x_code\model_training\universal\parallel_tmp\w_6000-7000\entity_registry.pkl
11:19:24 RelationRegistry saved: 12154 clusters, 25157 canonicals -> D:\Machine Learning\project_genesis\GLM_X\glm_x_code\model_training\universal\parallel_tmp\w_6000-7000\relation_registry.pkl
11:19:58 Adaptive confidence: kept=100% p25=0.848 p50=0.848 threshold=0.400
11:19:58 Adaptive confidence: kept=100% p25=0.848 p50=0.848 threshold=0.400
11:19:58 Adaptive confidence: kept=100% p25=0.848 p50=0.848 threshold=0.400
11:19:58 Adaptive confidence: kept=100% p25=0.848 p50=0.848 threshold=0.400
11:19:58 Adaptive confidence: kept=100% p25=0.815 p50=0.848 threshold=0.400
11:19:58 Adaptive confidence: kept=100% p25=0.815 p50=0.848 threshold=0.400
11:19:58 Adaptive confidence: kept=100% p25=0.815 p50=0.815 threshold=0.400
11:19:58 Adaptive confidence: kept=100% p25=0.815 p50=0.815 threshold=0.400
11:19:58 Adaptive confidence: kept=100% p25=0.815 p50=0.815 threshold=0.400
11:19:58 Adaptive confidence: kept=100% p25=0.815 p50=0.815 threshold=0.400
11:19:58 Adaptive confidence: kept=100% p25=0.815 p50=0.815 threshold=0.400
11:19:58 Adaptive confidence: kept=100% p25=0.815 p50=0.815 threshold=0.400
11:19:58 Adaptive confidence: kept=100% p25=0.815 p50=0.815 threshold=0.400
11:19:58 Adaptive confidence: kept=100% p25=0.815 p50=0.815 threshold=0.400
11:19:58 Adaptive confidence: kept=100% p25=0.815 p50=0.815 threshold=0.400
11:19:58 Adaptive confidence: kept=100% p25=0.815 p50=0.815 threshold=0.400
11:19:58 Adaptive confidence: kept=100% p25=0.815 p50=0.815 threshold=0.400
11:19:58 Adaptive confidence: kept=100% p25=0.815 p50=0.815 threshold=0.400
11:19:58 Adaptive confidence: kept=100% p25=0.815 p50=0.815 threshold=0.400
11:19:59 Adaptive confidence: kept=100% p25=0.815 p50=0.815 threshold=0.400
11:19:59 Adaptive confidence: kept=100% p25=0.815 p50=0.815 threshold=0.400
11:19:59 Adaptive confidence: kept=100% p25=0.815 p50=0.815 threshold=0.400
11:19:59 Adaptive confidence: kept=100% p25=0.815 p50=0.815 threshold=0.400
11:19:59 Adaptive confidence: kept=100% p25=0.815 p50=0.815 threshold=0.400
11:19:59 Adaptive confidence: kept=100% p25=0.815 p50=0.815 threshold=0.400
11:19:59 Adaptive confidence: kept=100% p25=0.815 p50=0.815 threshold=0.400
11:19:59 Adaptive confidence: kept=100% p25=0.815 p50=0.815 threshold=0.400
11:19:59 Adaptive confidence: kept=100% p25=0.815 p50=0.815 threshold=0.400
11:19:59 Adaptive confidence: kept=100% p25=0.815 p50=0.815 threshold=0.400
11:19:59 Adaptive confidence: kept=100% p25=0.815 p50=0.815 threshold=0.400
11:19:59 Adaptive confidence: kept=100% p25=0.815 p50=0.815 threshold=0.400
11:19:59 Adaptive confidence: kept=100% p25=0.815 p50=0.815 threshold=0.400
11:19:59 Adaptive confidence: kept=100% p25=0.815 p50=0.815 threshold=0.400
11:19:59 Adaptive confidence: kept=100% p25=0.815 p50=0.815 threshold=0.400
11:19:59 Adaptive confidence: kept=100% p25=0.815 p50=0.815 threshold=0.400
11:19:59 Adaptive confidence: kept=100% p25=0.815 p50=0.815 threshold=0.400
11:19:59 Adaptive confidence: kept=100% p25=0.815 p50=0.815 threshold=0.400
11:19:59 Adaptive confidence: kept=100% p25=0.815 p50=0.815 threshold=0.400
11:19:59 Adaptive confidence: kept=100% p25=0.815 p50=0.815 threshold=0.400
11:19:59 Adaptive confidence: kept=100% p25=0.815 p50=0.815 threshold=0.400
11:19:59 Adaptive confidence: kept=100% p25=0.815 p50=0.815 threshold=0.400
11:19:59 Adaptive confidence: kept=100% p25=0.815 p50=0.815 threshold=0.400
11:19:59 Adaptive confidence: kept=100% p25=0.815 p50=0.815 threshold=0.400
11:19:59 Adaptive confidence: kept=100% p25=0.815 p50=0.815 threshold=0.400
11:19:59 Adaptive confidence: kept=100% p25=0.815 p50=0.815 threshold=0.400
11:19:59 Adaptive confidence: kept=100% p25=0.815 p50=0.815 threshold=0.400
11:19:59 Adaptive confidence: kept=100% p25=0.815 p50=0.815 threshold=0.400
11:19:59 Adaptive confidence: kept=100% p25=0.815 p50=0.815 threshold=0.400
11:19:59 Adaptive confidence: kept=100% p25=0.815 p50=0.815 threshold=0.400
11:19:59 Adaptive confidence: kept=100% p25=0.815 p50=0.815 threshold=0.400
11:19:59 Adaptive confidence: kept=100% p25=0.815 p50=0.815 threshold=0.400
11:19:59 Adaptive confidence: kept=100% p25=0.815 p50=0.815 threshold=0.400
11:19:59 Adaptive confidence: kept=100% p25=0.815 p50=0.815 threshold=0.400
11:19:59 Adaptive confidence: kept=100% p25=0.815 p50=0.815 threshold=0.400
11:19:59 Adaptive confidence: kept=100% p25=0.815 p50=0.815 threshold=0.400
11:19:59 Adaptive confidence: kept=100% p25=0.815 p50=0.815 threshold=0.400
11:19:59 Adaptive confidence: kept=100% p25=0.815 p50=0.815 threshold=0.400
11:19:59 Adaptive confidence: kept=100% p25=0.815 p50=0.815 threshold=0.400
11:19:59 Adaptive confidence: kept=100% p25=0.815 p50=0.815 threshold=0.400
11:19:59 Adaptive confidence: kept=100% p25=0.815 p50=0.815 threshold=0.400
11:19:59 Adaptive confidence: kept=100% p25=0.815 p50=0.815 threshold=0.400
11:19:59 Adaptive confidence: kept=100% p25=0.815 p50=0.815 threshold=0.400
11:19:59 Adaptive confidence: kept=100% p25=0.815 p50=0.815 threshold=0.400
11:19:59 Adaptive confidence: kept=100% p25=0.815 p50=0.815 threshold=0.400
11:19:59 Adaptive confidence: kept=100% p25=0.815 p50=0.815 threshold=0.400
11:19:59 Adaptive confidence: kept=100% p25=0.815 p50=0.815 threshold=0.400
11:19:59 Adaptive confidence: kept=100% p25=0.815 p50=0.815 threshold=0.400
11:19:59 Adaptive confidence: kept=100% p25=0.815 p50=0.815 threshold=0.400
11:19:59 Adaptive confidence: kept=100% p25=0.815 p50=0.815 threshold=0.400
11:19:59 Adaptive confidence: kept=100% p25=0.815 p50=0.815 threshold=0.400
11:19:59 Adaptive confidence: kept=100% p25=0.815 p50=0.815 threshold=0.400
11:19:59 Adaptive confidence: kept=100% p25=0.815 p50=0.815 threshold=0.400
11:19:59 Adaptive confidence: kept=100% p25=0.815 p50=0.815 threshold=0.400
11:19:59 Adaptive confidence: kept=100% p25=0.815 p50=0.815 threshold=0.400
11:19:59 Adaptive confidence: kept=100% p25=0.815 p50=0.815 threshold=0.400
11:19:59 Adaptive confidence: kept=100% p25=0.815 p50=0.815 threshold=0.400
11:19:59 Adaptive confidence: kept=100% p25=0.815 p50=0.815 threshold=0.400
11:19:59 Adaptive confidence: kept=100% p25=0.815 p50=0.815 threshold=0.400
11:19:59 Adaptive confidence: kept=100% p25=0.815 p50=0.815 threshold=0.400
11:19:59 Adaptive confidence: kept=100% p25=0.815 p50=0.815 threshold=0.400
11:19:59 Adaptive confidence: kept=100% p25=0.815 p50=0.815 threshold=0.400
11:19:59 Adaptive confidence: kept=100% p25=0.815 p50=0.815 threshold=0.400
11:19:59 Adaptive confidence: kept=100% p25=0.815 p50=0.815 threshold=0.400
11:19:59 Adaptive confidence: kept=100% p25=0.815 p50=0.815 threshold=0.400
11:19:59 Adaptive confidence: kept=100% p25=0.815 p50=0.815 threshold=0.400
11:19:59 Adaptive confidence: kept=100% p25=0.815 p50=0.815 threshold=0.400
11:19:59 Adaptive confidence: kept=100% p25=0.815 p50=0.815 threshold=0.400
11:19:59 Adaptive confidence: kept=100% p25=0.815 p50=0.815 threshold=0.400
11:19:59 Adaptive confidence: kept=100% p25=0.815 p50=0.815 threshold=0.400
11:19:59 Adaptive confidence: kept=100% p25=0.815 p50=0.815 threshold=0.400
11:19:59 Adaptive confidence: kept=100% p25=0.815 p50=0.815 threshold=0.400
11:19:59 Graph built: 4015 nodes, 4576 edges, 1954 relation types
11:20:34 SQLiteGraphStore saved to D:\Machine Learning\project_genesis\GLM_X\glm_x_code\model_training\universal\parallel_tmp\w_6000-7000\chunk_6000-7000.db: 4015 nodes, 4576 edges, 4015 embeddings in 0.47s
11:20:35 EntityRegistry saved: 32140 canonicals -> D:\Machine Learning\project_genesis\GLM_X\glm_x_code\model_training\universal\parallel_tmp\w_6000-7000\entity_registry.pkl
11:20:35 RelationRegistry saved: 12495 clusters, 27006 canonicals -> D:\Machine Learning\project_genesis\GLM_X\glm_x_code\model_training\universal\parallel_tmp\w_6000-7000\relation_registry.pkl
11:20:35 ── Batch 6200-6400 ──
11:20:35 JsonLoader: 200 documents, 0 sentences, 0 triples from model_training\dataset_cnn\cnn_dailymail_train.json in 0.14s
11:20:35   Documents: 200
11:26:27 EntityRegistry saved: 32737 canonicals -> D:\Machine Learning\project_genesis\GLM_X\glm_x_code\model_training\universal\parallel_tmp\w_6000-7000\entity_registry.pkl
11:26:28 RelationRegistry saved: 12495 clusters, 27006 canonicals -> D:\Machine Learning\project_genesis\GLM_X\glm_x_code\model_training\universal\parallel_tmp\w_6000-7000\relation_registry.pkl
11:27:04 Adaptive confidence: kept=100% p25=0.815 p50=0.815 threshold=0.400
11:27:04 Adaptive confidence: kept=100% p25=0.815 p50=0.815 threshold=0.400
11:27:04 Adaptive confidence: kept=100% p25=0.815 p50=0.815 threshold=0.400
11:27:04 Adaptive confidence: kept=100% p25=0.815 p50=0.815 threshold=0.400
11:27:04 Adaptive confidence: kept=100% p25=0.815 p50=0.815 threshold=0.400
11:27:04 Adaptive confidence: kept=100% p25=0.815 p50=0.815 threshold=0.400
11:27:04 Adaptive confidence: kept=100% p25=0.815 p50=0.815 threshold=0.400
11:27:04 Adaptive confidence: kept=100% p25=0.815 p50=0.815 threshold=0.400
11:27:04 Adaptive confidence: kept=100% p25=0.815 p50=0.815 threshold=0.400
11:27:04 Adaptive confidence: kept=100% p25=0.815 p50=0.815 threshold=0.400
11:27:04 Adaptive confidence: kept=100% p25=0.815 p50=0.815 threshold=0.400
11:27:04 Adaptive confidence: kept=100% p25=0.815 p50=0.815 threshold=0.400
11:27:05 Adaptive confidence: kept=100% p25=0.815 p50=0.815 threshold=0.400
11:27:05 Adaptive confidence: kept=100% p25=0.815 p50=0.815 threshold=0.400
11:27:05 Adaptive confidence: kept=100% p25=0.815 p50=0.815 threshold=0.400
11:27:05 Adaptive confidence: kept=100% p25=0.815 p50=0.815 threshold=0.400
11:27:05 Adaptive confidence: kept=100% p25=0.815 p50=0.815 threshold=0.400
11:27:05 Adaptive confidence: kept=100% p25=0.815 p50=0.815 threshold=0.400
11:27:05 Adaptive confidence: kept=100% p25=0.815 p50=0.815 threshold=0.400
11:27:05 Adaptive confidence: kept=100% p25=0.815 p50=0.815 threshold=0.400
11:27:05 Adaptive confidence: kept=100% p25=0.815 p50=0.815 threshold=0.400
11:27:05 Adaptive confidence: kept=100% p25=0.815 p50=0.815 threshold=0.400
11:27:05 Adaptive confidence: kept=100% p25=0.815 p50=0.815 threshold=0.400
11:27:05 Adaptive confidence: kept=100% p25=0.815 p50=0.815 threshold=0.400
11:27:05 Adaptive confidence: kept=100% p25=0.815 p50=0.815 threshold=0.400
11:27:05 Adaptive confidence: kept=100% p25=0.815 p50=0.815 threshold=0.400
11:27:05 Adaptive confidence: kept=100% p25=0.815 p50=0.815 threshold=0.400
11:27:05 Adaptive confidence: kept=100% p25=0.815 p50=0.815 threshold=0.400
11:27:05 Adaptive confidence: kept=100% p25=0.815 p50=0.815 threshold=0.400
11:27:05 Adaptive confidence: kept=100% p25=0.815 p50=0.815 threshold=0.400
11:27:05 Adaptive confidence: kept=100% p25=0.815 p50=0.815 threshold=0.400
11:27:05 Adaptive confidence: kept=100% p25=0.815 p50=0.815 threshold=0.400
11:27:05 Adaptive confidence: kept=100% p25=0.815 p50=0.815 threshold=0.400
11:27:05 Adaptive confidence: kept=100% p25=0.815 p50=0.815 threshold=0.400
11:27:05 Adaptive confidence: kept=100% p25=0.815 p50=0.815 threshold=0.400
11:27:05 Adaptive confidence: kept=100% p25=0.815 p50=0.815 threshold=0.400
11:27:05 Adaptive confidence: kept=100% p25=0.815 p50=0.815 threshold=0.400
11:27:05 Adaptive confidence: kept=100% p25=0.815 p50=0.815 threshold=0.400
11:27:05 Adaptive confidence: kept=100% p25=0.815 p50=0.815 threshold=0.400
11:27:05 Adaptive confidence: kept=100% p25=0.815 p50=0.815 threshold=0.400
11:27:05 Adaptive confidence: kept=100% p25=0.815 p50=0.815 threshold=0.400
11:27:05 Adaptive confidence: kept=100% p25=0.815 p50=0.815 threshold=0.400
11:27:05 Adaptive confidence: kept=100% p25=0.815 p50=0.815 threshold=0.400
11:27:05 Adaptive confidence: kept=100% p25=0.815 p50=0.815 threshold=0.400
11:27:05 Adaptive confidence: kept=100% p25=0.815 p50=0.815 threshold=0.400
11:27:05 Adaptive confidence: kept=100% p25=0.815 p50=0.815 threshold=0.400
11:27:05 Adaptive confidence: kept=100% p25=0.815 p50=0.815 threshold=0.400
11:27:05 Adaptive confidence: kept=100% p25=0.815 p50=0.815 threshold=0.400
11:27:05 Adaptive confidence: kept=100% p25=0.815 p50=0.815 threshold=0.400
11:27:05 Adaptive confidence: kept=100% p25=0.815 p50=0.815 threshold=0.400
11:27:05 Adaptive confidence: kept=100% p25=0.815 p50=0.815 threshold=0.400
11:27:05 Adaptive confidence: kept=100% p25=0.815 p50=0.815 threshold=0.400
11:27:05 Adaptive confidence: kept=100% p25=0.815 p50=0.815 threshold=0.400
11:27:05 Adaptive confidence: kept=100% p25=0.815 p50=0.815 threshold=0.400
11:27:05 Adaptive confidence: kept=100% p25=0.815 p50=0.815 threshold=0.400
11:27:05 Adaptive confidence: kept=100% p25=0.815 p50=0.815 threshold=0.400
11:27:05 Adaptive confidence: kept=100% p25=0.815 p50=0.815 threshold=0.400
11:27:05 Adaptive confidence: kept=100% p25=0.815 p50=0.815 threshold=0.400
11:27:05 Adaptive confidence: kept=100% p25=0.815 p50=0.815 threshold=0.400
11:27:05 Adaptive confidence: kept=100% p25=0.815 p50=0.815 threshold=0.400
11:27:05 Adaptive confidence: kept=100% p25=0.815 p50=0.815 threshold=0.400
11:27:05 Adaptive confidence: kept=100% p25=0.815 p50=0.815 threshold=0.400
11:27:05 Adaptive confidence: kept=100% p25=0.815 p50=0.815 threshold=0.400
11:27:05 Adaptive confidence: kept=100% p25=0.815 p50=0.815 threshold=0.400
11:27:05 Adaptive confidence: kept=100% p25=0.815 p50=0.815 threshold=0.400
11:27:05 Adaptive confidence: kept=100% p25=0.815 p50=0.815 threshold=0.400
11:27:05 Adaptive confidence: kept=100% p25=0.815 p50=0.815 threshold=0.400
11:27:05 Adaptive confidence: kept=100% p25=0.815 p50=0.815 threshold=0.400
11:27:05 Adaptive confidence: kept=100% p25=0.815 p50=0.815 threshold=0.400
11:27:05 Adaptive confidence: kept=100% p25=0.815 p50=0.815 threshold=0.400
11:27:05 Adaptive confidence: kept=100% p25=0.815 p50=0.815 threshold=0.400
11:27:05 Adaptive confidence: kept=100% p25=0.815 p50=0.815 threshold=0.400
11:27:05 Adaptive confidence: kept=100% p25=0.815 p50=0.815 threshold=0.400
11:27:05 Adaptive confidence: kept=100% p25=0.815 p50=0.815 threshold=0.400
11:27:05 Adaptive confidence: kept=100% p25=0.815 p50=0.815 threshold=0.400
11:27:05 Adaptive confidence: kept=100% p25=0.815 p50=0.815 threshold=0.400
11:27:05 Adaptive confidence: kept=100% p25=0.815 p50=0.815 threshold=0.400
11:27:05 Adaptive confidence: kept=100% p25=0.815 p50=0.815 threshold=0.400
11:27:05 Adaptive confidence: kept=100% p25=0.815 p50=0.815 threshold=0.400
11:27:05 Adaptive confidence: kept=100% p25=0.815 p50=0.815 threshold=0.400
11:27:05 Adaptive confidence: kept=100% p25=0.815 p50=0.815 threshold=0.400
11:27:05 Adaptive confidence: kept=100% p25=0.815 p50=0.815 threshold=0.400
11:27:05 Adaptive confidence: kept=100% p25=0.815 p50=0.815 threshold=0.400
11:27:05 Adaptive confidence: kept=100% p25=0.815 p50=0.815 threshold=0.400
11:27:05 Adaptive confidence: kept=100% p25=0.815 p50=0.815 threshold=0.400
11:27:05 Adaptive confidence: kept=100% p25=0.815 p50=0.815 threshold=0.400
11:27:05 Adaptive confidence: kept=100% p25=0.815 p50=0.815 threshold=0.400
11:27:05 Adaptive confidence: kept=100% p25=0.815 p50=0.815 threshold=0.400
11:27:05 Adaptive confidence: kept=100% p25=0.815 p50=0.815 threshold=0.400
11:27:05 Adaptive confidence: kept=100% p25=0.815 p50=0.815 threshold=0.400
11:27:05 Adaptive confidence: kept=100% p25=0.815 p50=0.815 threshold=0.400
11:27:05 Adaptive confidence: kept=100% p25=0.815 p50=0.815 threshold=0.400
11:27:05 Adaptive confidence: kept=100% p25=0.815 p50=0.815 threshold=0.400
11:27:05 Adaptive confidence: kept=100% p25=0.815 p50=0.815 threshold=0.400
11:27:05 Adaptive confidence: kept=100% p25=0.815 p50=0.815 threshold=0.400
11:27:05 Graph built: 4104 nodes, 4770 edges, 2038 relation types
12:13:17 SQLiteGraphStore saved to D:\Machine Learning\project_genesis\GLM_X\glm_x_code\model_training\universal\parallel_tmp\w_6000-7000\chunk_6000-7000.db: 6546 nodes, 9346 edges, 6546 embeddings in 1.69s
12:13:21 EntityRegistry saved: 32737 canonicals -> D:\Machine Learning\project_genesis\GLM_X\glm_x_code\model_training\universal\parallel_tmp\w_6000-7000\entity_registry.pkl
12:13:21 RelationRegistry saved: 12927 clusters, 28902 canonicals -> D:\Machine Learning\project_genesis\GLM_X\glm_x_code\model_training\universal\parallel_tmp\w_6000-7000\relation_registry.pkl
12:13:22 ── Batch 6400-6600 ──
12:13:22 JsonLoader: 200 documents, 0 sentences, 0 triples from model_training\dataset_cnn\cnn_dailymail_train.json in 0.30s
12:13:22   Documents: 200
